{"r0_1": [[-1.0, -1.0, -1.0, -1.0, -1.0, -1.0, -1.0, -1.0, 4.666666666666667, -1.0, -1.0, -1.0, -1.0, 4.8, 6.4, 0.5, -1.0, -1.0, 0.5, -1.0, -1.0, -1.0, -1.0, 0.7, 3.1, -1.0, -1.0, -1.0, -1.0, 6.111111111111111, -1.0, -1.0, -1.0, -1.0, -1.0, -1.0, -1.0, -1.0, -1.0, 1.2, 0.5, -1.0, -1.0, 1.2, -1.0, -1.0, 0.4, -1.0]], "secondary_cases": [[0, 41, 0, 1, 0, 0, 0, 0, 0, 0, 0, 0, 0, 5, 1, 35, 5, 1, 1, 0, 1, 0, 61, 2, 0, 0, 0, 0, 0, 0, 0, 3, 0, 0, 0, 0, 1, 1, 0, 0, 1, 2, 0, 0, 1, 0, 1, 0, 0, 0, 0, 2, 1, 0, 0, 4, 0, 0, 0, 0, 31, 0, 0, 0, 0, 0, 0, 0, 0, 0, 4, 13, 24, 14, 0, 0, 0, 0, 0, 2, 6, 0, 2, 0, 1, 0, 0, 1, 0, 1, 0, 0, 4, 0, 0, 0, 0, 0, 0, 0, 0, 0, 2, 0, 0, 2, 8, 0, 0, 0, 0, 0, 0, 0, 3, 1, 0, 0]]}