{"r0_1": [[5.1, 3.5, 3.6, 2.5, 1.5, 1.6, 2.3, 1.9, 1.1, 2.8, 2.1, 2.2, 2.0, 4.5, 2.1, -1.0, 1.1, 3.5, 1.6, 1.9, 3.7777777777777777, 2.4, 3.0, 0.9, 1.5, 2.2, 0.8, 5.1, 3.8, 3.4, 2.1, 1.1, -1.0, 2.5, 2.2, 0.9, 1.6, 3.0, 3.3, 6.5, 0.8, 2.8, 1.4, 1.2, -1.0, 3.3333333333333335, 1.2, 1.8]], "secondary_cases": [[16, 11, 0, 0, 22, 0, 1, 1, 0, 0, 14, 3, 3, 0, 0, 2, 0, 9, 4, 0, 0, 13, 8, 10, 2, 1, 0, 0, 1, 1, 0, 5, 2, 6, 0, 1, 0, 0, 0, 11, 0, 7, 3, 0, 3, 0, 0, 1, 1, 0, 0, 1, 0, 14, 0, 0, 0, 1, 0, 0, 0, 0, 4, 2, 0, 0, 4, 12, 1, 0, 1, 11, 1, 1, 1, 2, 1, 0, 0, 1, 0, 2, 1, 0, 1, 0, 1, 0, 6, 0, 0, 6, 15, 4, 0, 0, 1, 2, 0, 0, 8, 2, 1, 2, 0, 0, 0, 0, 8, 0, 0, 6, 1, 2, 10, 1, 1, 1, 0, 0, 1, 5, 0, 4, 2, 0, 1, 7, 0, 0, 21, 1, 3, 2, 15, 0, 0, 1, 1, 1, 1, 0, 0, 1, 2, 0, 9, 5, 3, 0, 1, 2, 1, 2, 0, 0, 0, 5, 0, 0, 1, 4, 5, 12, 0, 0, 0, 12, 1, 0, 0, 0, 0, 0, 7, 0, 4, 0, 1, 4, 7, 0, 5, 1, 5, 0, 0, 0, 1, 0, 2, 11, 3, 0, 7, 5, 4, 2, 0, 0, 5, 0, 1, 1, 0, 0, 2, 15, 0, 2, 1, 5, 0, 6, 0, 16, 0, 0, 0, 1, 2, 0, 3, 1, 2, 0, 0, 0, 0, 0, 0, 0, 4, 1, 0, 3, 7, 0, 0, 2, 3, 0, 3, 10, 0, 1, 0, 3, 0, 1, 0, 1, 1, 0, 2, 0, 1, 0, 2, 5, 5, 2, 6, 1, 1, 0, 7, 19, 5, 0, 6, 0, 1, 23, 3, 3, 0, 1, 1, 1, 3, 0, 6, 0, 0, 22, 1, 0, 1, 2, 4, 1, 4, 2, 0, 1, 1, 6, 0, 1, 1, 0, 0, 0, 0, 0, 6, 0, 3, 0, 0, 0, 6, 0, 0, 5, 3, 3, 8, 2, 0, 4, 1, 1, 1, 7, 0, 1, 5, 1, 1, 1, 0, 5, 0, 1, 0, 0, 0, 0, 0, 5, 2, 1, 0, 5, 0, 0, 3, 2, 15, 0, 0, 0, 8, 0, 3, 0, 2, 0, 3, 14, 0, 5, 7, 2, 0, 2, 0, 0, 45, 1, 11, 3, 0, 1, 2, 2, 0, 0, 0, 0, 2, 1, 1, 0, 4, 0, 0, 0, 14, 0, 0, 2, 0, 1, 10, 1, 0, 1, 2, 0, 0, 0, 0, 0, 0, 9, 2, 0, 4, 0, 6, 1, 0, 0, 0, 1, 0, 0, 0, 10, 17, 0, 2, 1, 0, 0, 1, 5, 0, 2, 0, 2, 1, 0, 1, 0, 2, 7, 1, 3, 0, 0, 2, 1, 2, 0]]}