{"r0_1": [[-1.0, 1.9, 2.7, -1.0, 0.5, 3.7777777777777777, 1.5, -1.0, -1.0, -1.0, 1.1, 0.5, 0.6, 15.8, 1.5, 0.2, 0.6, 0.5, 1.2, 0.6, -1.0, 0.4, -1.0, -1.0, 1.3, 1.6, -1.0, 1.4, 1.7, 0.7, 4.5, -1.0, -1.0, 0.3, -1.0, 1.7, 14.6, -1.0, 0.9, -1.0, 3.4, 1.6, 0.1, -1.0, 7.444444444444445, -1.0, -1.0, 1.7]], "secondary_cases": [[0, 0, 0, 1, 0, 0, 0, 18, 0, 0, 1, 1, 0, 1, 0, 0, 0, 0, 0, 24, 0, 0, 0, 2, 0, 1, 0, 2, 0, 0, 0, 27, 0, 2, 0, 3, 1, 1, 0, 0, 0, 0, 0, 13, 2, 0, 0, 0, 0, 0, 0, 0, 10, 0, 0, 1, 0, 0, 0, 0, 2, 0, 3, 0, 0, 0, 0, 0, 0, 0, 0, 1, 0, 0, 0, 5, 0, 0, 0, 0, 152, 0, 0, 1, 0, 0, 5, 0, 0, 0, 5, 1, 8, 0, 0, 1, 0, 0, 0, 0, 0, 0, 1, 0, 0, 0, 0, 0, 1, 1, 0, 0, 0, 2, 0, 1, 0, 2, 0, 0, 0, 0, 0, 0, 1, 0, 1, 3, 0, 0, 0, 0, 4, 1, 7, 0, 0, 0, 0, 0, 2, 2, 0, 2, 0, 0, 0, 0, 0, 0, 0, 1, 3, 0, 0, 0, 0, 0, 0, 10, 1, 0, 0, 0, 0, 0, 0, 0, 2, 0, 0, 8, 0, 0, 0, 0, 1, 4, 3, 1, 1, 0, 4, 0, 3, 0, 0, 5, 0, 0, 0, 1, 1, 10, 0, 0, 5, 0, 0, 0, 1, 0, 0, 0, 0, 4, 0, 2, 0, 0, 0, 0, 0, 0, 32, 7, 3, 3, 0, 1, 1, 0, 0, 1, 0, 0, 0, 0, 0, 0, 14, 0, 0, 3, 0, 0, 0, 0, 0, 0, 0, 144, 0, 0, 2, 0, 0, 0, 0, 1, 0, 0, 0, 8, 0, 0, 0, 0, 0, 0, 0, 0, 1, 4, 29, 0, 0, 0, 0, 0, 0, 1, 0, 1, 1, 1, 12, 0, 0, 0, 0, 0, 1, 0, 0, 0, 0, 0, 0, 0, 0, 6, 61, 0, 0, 0, 0, 0, 0, 0, 0, 0, 0, 0, 7, 7, 3, 0]]}