{"r0_1": [[6.2, -1.0, 5.0, 0.7, 2.4, 4.9, 6.3, 4.0, 0.2, 1.0, 5.6, 2.6, 0.4, 0.2, 0.8, -1.0, -1.0, 2.0, -1.0, 3.2, -1.0, 2.4444444444444446, -1.0, 4.8, 6.4, 2.2, -1.0, -1.0, 2.6, -1.0, 4.0, 0.9, -1.0, -1.0, 2.5, 2.1, 6.6, 1.6, 4.0, 2.2, -1.0, 1.0, -1.0, 0.5555555555555556, 8.7, -1.0, 11.7, 7.5]], "secondary_cases": [[2, 0, 0, 21, 37, 2, 0, 0, 0, 0, 0, 0, 17, 12, 0, 1, 2, 0, 10, 8, 0, 0, 0, 0, 0, 2, 0, 5, 0, 0, 0, 0, 2, 18, 1, 0, 0, 0, 3, 0, 0, 2, 0, 1, 0, 40, 6, 0, 0, 0, 0, 0, 0, 0, 0, 61, 0, 0, 1, 1, 0, 15, 1, 0, 0, 0, 0, 0, 24, 0, 0, 1, 0, 1, 0, 0, 0, 0, 0, 0, 0, 6, 0, 0, 0, 0, 0, 0, 1, 3, 0, 1, 0, 0, 0, 1, 0, 6, 48, 0, 0, 0, 0, 5, 0, 0, 0, 0, 21, 0, 0, 0, 0, 0, 1, 2, 1, 0, 0, 0, 0, 0, 0, 0, 1, 0, 0, 0, 1, 0, 0, 0, 4, 0, 0, 1, 3, 0, 0, 0, 1, 0, 1, 0, 1, 0, 0, 14, 2, 1, 0, 1, 0, 0, 0, 0, 0, 31, 0, 0, 1, 0, 1, 1, 0, 0, 5, 0, 14, 0, 1, 10, 10, 18, 7, 1, 0, 0, 1, 0, 0, 1, 0, 0, 0, 0, 0, 63, 0, 0, 0, 1, 1, 1, 0, 0, 19, 0, 0, 0, 1, 1, 1, 0, 0, 0, 2, 21, 0, 3, 1, 0, 34, 1, 0, 0, 1, 0, 0, 1, 0, 1, 0, 7, 0, 0, 0, 0, 0, 0, 0, 0, 0, 1, 13, 10, 1, 0, 0, 1, 0, 4, 0, 1, 0, 12, 3, 0, 0, 0, 0, 2, 1, 0, 0, 63, 0, 0, 0, 0, 0, 0, 2, 0, 0, 0, 3, 10, 1, 1, 0, 24, 4, 0, 0, 0, 1, 0, 10, 0, 0, 2, 4, 0, 1, 0, 0, 15, 0, 0, 1, 0, 0, 0, 0, 1, 1, 0, 7, 0, 1, 0, 1, 1, 0, 2, 0, 0, 1, 7, 72, 3, 0, 4, 0, 0, 0, 0, 1, 18, 1, 0, 2, 1, 0, 93, 0, 1, 0, 0, 0, 7, 43, 23, 1, 0, 0, 1]]}