{"r0_1": [[-1.0, -1.0, 3.6, -1.0, 1.4, -1.0, -1.0, 0.5, -1.0, -1.0, 2.8, 1.3, 1.0, 1.0, 5.1, -1.0, 0.8, 0.5, 1.1, 1.7, -1.0, -1.0, 4.9, 2.4, 0.8, 7.1, -1.0, 1.2, 0.8, 0.4, 0.5, 1.5, 1.2, -1.0, 18.5, 2.8, 1.3, 4.555555555555555, 5.2, -1.0, -1.0, -1.0, 1.0, -1.0, 0.4, -1.0, 1.4, 1.2222222222222223]], "secondary_cases": [[0, 0, 1, 0, 0, 1, 1, 0, 0, 33, 1, 0, 0, 3, 0, 0, 9, 1, 0, 0, 1, 0, 0, 0, 0, 1, 0, 3, 0, 0, 0, 0, 1, 4, 4, 2, 6, 0, 11, 0, 0, 0, 10, 0, 2, 0, 1, 0, 0, 0, 0, 6, 0, 1, 0, 0, 0, 2, 1, 0, 1, 0, 0, 0, 0, 8, 0, 1, 0, 0, 0, 0, 8, 0, 37, 0, 6, 0, 0, 0, 0, 0, 0, 3, 0, 0, 2, 0, 3, 0, 0, 0, 4, 0, 0, 0, 0, 0, 1, 0, 0, 0, 0, 0, 0, 10, 1, 0, 0, 0, 0, 0, 0, 0, 5, 1, 0, 11, 0, 0, 19, 0, 3, 0, 0, 2, 25, 0, 0, 0, 0, 0, 0, 0, 0, 21, 1, 2, 0, 0, 0, 1, 1, 2, 0, 4, 0, 0, 0, 0, 0, 0, 1, 1, 4, 5, 1, 58, 0, 1, 0, 0, 2, 1, 1, 0, 0, 7, 1, 0, 0, 0, 0, 0, 0, 0, 8, 0, 0, 0, 1, 0, 0, 0, 0, 3, 0, 0, 0, 0, 0, 0, 1, 0, 0, 4, 0, 0, 0, 0, 2, 0, 0, 8, 1, 0, 1, 0, 3, 0, 0, 0, 0, 0, 6, 2, 0, 3, 1, 0, 3, 0, 0, 0, 0, 0, 0, 0, 182, 0, 0, 1, 0, 0, 0, 7, 5, 0, 12, 3, 0, 0, 2, 1, 0, 0, 0, 0, 1, 9, 0, 1, 6, 0, 1, 4, 0, 2, 27, 0, 0, 0, 0, 3, 1, 18, 30, 0, 0, 2, 0, 2, 0, 1, 4, 0, 1, 0, 0, 1, 0, 0, 1, 0, 0, 0, 0, 0, 2, 0, 0, 1, 0, 1, 2, 0, 0, 0, 10, 0, 2, 1, 0, 0, 0, 5, 3, 0]]}