{"r0_1": [[-1.0, 0.4, -1.0, 1.0, -1.0, -1.0, 0.6, -1.0, 0.3, -1.0, -1.0, -1.0, 1.8, -1.0, 0.3, 0.2, -1.0, -1.0, -1.0, -1.0, -1.0, -1.0, -1.0, -1.0, -1.0, -1.0, -1.0, -1.0, 1.9, -1.0, 0.5, -1.0, -1.0, 1.3, 0.6, -1.0, -1.0, -1.0, -1.0, 1.0, 0.5, -1.0, -1.0, -1.0, -1.0, 1.8, -1.0, -1.0], [-1.0, -1.0, 0.3, -1.0, 1.4, -1.0, 0.7, -1.0, -1.0, -1.0, -1.0, 0.3, -1.0, -1.0, 0.6, -1.0, 1.6, 0.2, -1.0, -1.0, 0.4, -1.0, -1.0, -1.0, -1.0, -1.0, 2.0, -1.0, 0.2, 0.5, -1.0, 0.4, -1.0, 1.1, 0.4, 3.4, -1.0, -1.0, -1.0, 0.2, 0.8, -1.0, -1.0, -1.0, 0.4, 0.4, -1.0, -1.0], [1.3, -1.0, -1.0, -1.0, 0.1, -1.0, 2.4, -1.0, 1.3, 0.7, 0.8, 0.3, 0.1, 2.0, -1.0, -1.0, -1.0, 1.4, 2.4, -1.0, 0.3, -1.0, 0.2, 0.3, 0.3, 3.2, 0.5, 1.1111111111111112, 1.5, 0.1, 2.5, -1.0, 0.9, -1.0, 2.0, -1.0, 0.6, -1.0, -1.0, 0.6, -1.0, 1.5, -1.0, -1.0, -1.0, 1.0, 0.7, -1.0], [-1.0, 0.4, 1.7777777777777777, 0.3, 1.2, 3.5, 0.8, 0.3, 0.5, 2.0, 0.8, 1.9, 1.4, -1.0, 2.7, 5.0, -1.0, 0.9, 1.5, 2.0, 0.5, -1.0, -1.0, 0.6, -1.0, 1.2, 0.3, 1.7, 2.0, -1.0, 1.4, 1.1, 4.0, 3.0, -1.0, 0.3, 1.2, 0.8, 1.2, 1.1, 0.6, 1.1, 0.6, -1.0, 3.1, 0.6, -1.0, 0.8], [1.7, -1.0, 1.5, 3.4, 0.5, 1.4, 0.7, 2.1, 0.5, 0.4, 2.9, 2.4, -1.0, 0.6, 1.9, -1.0, 3.3, 3.5, 3.0, 0.3, 0.2, 0.6, 6.0, 3.2, 0.4, 1.7, 1.9, 0.4, 1.6, 0.3, 0.4, 1.4, 0.3, 0.6, 1.5, 0.5, 2.0, 2.8, 1.9, 0.4, -1.0, 1.7, 4.6, 2.2, 2.1, -1.0, 2.2, 0.9], [1.5, 2.2, 1.0, 7.3, 0.3, 15.0, 6.6, -1.0, 2.5, 3.6, 0.5, 1.2, 0.4, 1.9, 4.0, 0.5, 2.1, 1.1, 2.5, 0.7, 5.8, 0.2, 3.5, 2.0, 0.8, 2.1, -1.0, 0.4, 0.7, -1.0, 4.9, -1.0, 1.0, 0.5, 1.3, 0.4, 0.7, -1.0, 1.8, 4.5, 0.2, 1.0, 1.4, 0.8, 1.1, 4.7, 2.4, -1.0], [1.4, 2.7, 3.1, 5.0, 6.8, -1.0, 4.0, 0.7, 2.1, 0.8, 5.5, 1.0, 1.1, 0.6, 0.7, -1.0, -1.0, 1.0, 0.8, 1.2, 1.8, 1.1, 0.4, 0.5, 0.7, 1.3, 0.5, 1.4, 3.9, 1.4, 1.9, 12.2, 1.5, 1.5, 2.3, 0.8, 2.5, 4.2, 1.1, 3.3, 4.4, 5.2, 2.1, 0.1, 3.3, 2.3, 4.3, 4.0], [8.9, 1.4, 4.6, 0.5, 0.6, 1.5, 1.6, 2.0, 2.5, 2.8, 2.1, 0.8, 1.0, 3.6, 0.9, 3.2, 2.3, 7.4, 1.7, 1.5, 3.2, 1.1, 3.4, 1.0, 0.8, 3.9, 2.5, 2.0, 5.2, 2.2, 0.9, 0.4, 0.6, 0.6, 1.8, 11.6, 3.3, 3.0, -1.0, 0.8, -1.0, 1.4, 1.1, 2.5, 0.7, 0.6, 2.5, 1.5], [8.5, 1.1, 3.8, 1.9, 0.4, 1.4, 1.6, 0.6, 6.7, 1.1, 0.8, 3.4, 4.7, 5.9, 2.1, 1.1, 3.8, 0.7, 1.7, 1.1, 1.1, 1.0, 5.6, 0.5, 1.1, 3.2, 2.0, 6.4, 1.0, 2.8, 5.7, 10.444444444444445, 0.7, 1.6, 2.7, 0.9, 0.2, 5.9, 0.3, 0.5, 0.5, 0.7, 6.1, 6.1, 6.3, 0.5, 2.5, 1.3]], "r0_23": [[-1.0, 0.2, -1.0, 0.09090909090909091, -1.0, -1.0, 0.375, -1.0, 0.5, -1.0, -1.0, -1.0, 0.1, -1.0, 0.25, 0.3333333333333333, -1.0, -1.0, -1.0, -1.0, -1.0, -1.0, -1.0, -1.0, -1.0, -1.0, -1.0, -1.0, 0.09523809523809523, -1.0, 0.3333333333333333, -1.0, -1.0, 0.1875, 0.3333333333333333, -1.0, -1.0, -1.0, -1.0, 0.16666666666666666, 0.2857142857142857, -1.0, -1.0, -1.0, -1.0, 0.35, -1.0, -1.0], [-1.0, -1.0, 0.9333333333333333, -1.0, 0.1875, -1.0, 0.125, -1.0, -1.0, -1.0, -1.0, 0.75, -1.0, -1.0, 0.375, -1.0, 0.058823529411764705, 14.0, -1.0, -1.0, 0.6923076923076923, -1.0, -1.0, -1.0, -1.0, -1.0, 1.0476190476190477, -1.0, 0.3333333333333333, 0.16666666666666666, -1.0, 1.2, -1.0, 0.08333333333333333, 0.42857142857142855, 0.5384615384615384, -1.0, -1.0, -1.0, 0.6, 0.1111111111111111, -1.0, -1.0, -1.0, 0.7894736842105263, 0.3333333333333333, -1.0, -1.0], [0.47368421052631576, -1.0, -1.0, -1.0, 0.75, -1.0, 0.7419354838709677, -1.0, 0.696969696969697, 0.3333333333333333, 0.2222222222222222, 0.75, 0.5, 0.32142857142857145, -1.0, -1.0, -1.0, 0.3684210526315789, 0.21428571428571427, -1.0, 0.7142857142857143, -1.0, 1.0, 0.8, 0.5714285714285714, 0.41304347826086957, 0.16666666666666666, 0.16666666666666666, 0.75, 1.0, 0.45714285714285713, -1.0, 0.38461538461538464, -1.0, 0.8888888888888888, -1.0, 0.2857142857142857, -1.0, -1.0, 0.2857142857142857, -1.0, 0.35294117647058826, -1.0, -1.0, -1.0, 0.16666666666666666, 0.125, -1.0], [-1.0, 1.7692307692307692, 0.918918918918919, 0.25, 0.7142857142857143, 0.175, 1.375, 3.5, 0.9473684210526315, 0.047619047619047616, 0.6818181818181818, 0.6285714285714286, 0.8, -1.0, 0.5319148936170213, 0.5757575757575758, -1.0, 1.0909090909090908, 0.16666666666666666, 0.9295774647887324, 0.6666666666666666, -1.0, -1.0, 1.173913043478261, -1.0, 0.5714285714285714, 1.2222222222222223, 0.38095238095238093, 0.3076923076923077, -1.0, 0.9736842105263158, 0.4166666666666667, 0.375, 0.0625, -1.0, 0.8333333333333334, 0.9583333333333334, 0.5454545454545454, 0.25, 0.7142857142857143, 0.8823529411764706, 0.8666666666666667, 0.14285714285714285, -1.0, 0.3157894736842105, 0.14285714285714285, -1.0, 0.9444444444444444], [0.5333333333333333, -1.0, 0.7142857142857143, 0.7450980392156863, 0.6666666666666666, 0.29411764705882354, 0.2222222222222222, 1.1470588235294117, 1.7894736842105263, 1.0, 1.0, 1.0769230769230769, -1.0, 2.3333333333333335, 1.4, -1.0, 0.375, 0.46, 0.4146341463414634, 2.1, 1.2857142857142858, 4.428571428571429, 0.7961165048543689, 0.11428571428571428, 0.6363636363636364, 0.10526315789473684, 0.2608695652173913, 0.6666666666666666, 0.5666666666666667, 0.25, 1.2173913043478262, 1.0, 1.8333333333333333, 0.4, 1.1666666666666667, 1.2666666666666666, 0.5, 0.21875, 1.4242424242424243, 0.3333333333333333, -1.0, 0.3684210526315789, 0.38181818181818183, 0.896551724137931, 2.2666666666666666, -1.0, 0.16, 0.3333333333333333], [0.4583333333333333, 0.6363636363636364, 0.42857142857142855, 0.3411764705882353, 0.25, 0.9466019417475728, 1.3726708074534162, -1.0, 1.018181818181818, 1.0517241379310345, 1.1818181818181819, 0.7333333333333333, 0.2, 1.9761904761904763, 1.0714285714285714, 0.9375, 0.7096774193548387, 1.5, 0.8421052631578947, 0.7058823529411765, 0.9770114942528736, 0.9230769230769231, 0.9074074074074074, 1.2439024390243902, 0.46153846153846156, 1.6585365853658536, -1.0, 1.1363636363636365, 1.7647058823529411, -1.0, 0.7708333333333334, -1.0, 0.875, 2.6, 0.8, 0.42857142857142855, 0.9803921568627451, -1.0, 0.4482758620689655, 0.36, 1.0, 2.0, 1.75, 0.1111111111111111, 0.75, 1.0144927536231885, 1.8620689655172413, -1.0], [0.8571428571428571, 0.25806451612903225, 1.5121951219512195, 0.8791208791208791, 1.423913043478261, -1.0, 0.974025974025974, 3.96, 1.2, 0.2727272727272727, 1.3368421052631578, 0.5333333333333333, 0.4, 1.1142857142857143, 0.375, -1.0, -1.0, 2.075, 2.8, 0.8928571428571429, 0.05263157894736842, 0.3333333333333333, 0.3333333333333333, 1.0384615384615385, 0.7777777777777778, 0.14285714285714285, 1.2571428571428571, 0.6666666666666666, 0.39622641509433965, 1.05, 1.1481481481481481, 0.9213483146067416, 0.65, 0.3888888888888889, 2.12, 0.1111111111111111, 0.7647058823529411, 1.7640449438202248, 1.0731707317073171, 0.1111111111111111, 1.2436974789915967, 1.8681318681318682, 0.7884615384615384, 1.0, 0.5365853658536586, 0.25925925925925924, 1.7922077922077921, 0.5652173913043478], [1.3571428571428572, 0.896551724137931, 1.3414634146341464, 1.2, 0.7058823529411765, 2.3684210526315788, 1.3333333333333333, 0.9761904761904762, 0.9347826086956522, 2.877551020408163, 1.5945945945945945, 1.1111111111111112, 0.7058823529411765, 0.9875, 0.8125, 2.2045454545454546, 0.8867924528301887, 0.9361702127659575, 0.6666666666666666, 0.5, 1.206896551724138, 0.8947368421052632, 0.5, 0.5384615384615384, 1.1764705882352942, 0.859375, 0.8918918918918919, 2.9508196721311477, 1.268041237113402, 0.5454545454545454, 0.6923076923076923, 1.489795918367347, 1.7142857142857142, 3.6666666666666665, 0.23809523809523808, 1.014760147601476, 1.0449438202247192, 0.5714285714285714, -1.0, 0.2222222222222222, -1.0, 1.4492753623188406, 2.2222222222222223, 1.1363636363636365, 2.9523809523809526, 1.8666666666666667, 0.16666666666666666, 1.2307692307692308], [1.3071895424836601, 1.236842105263158, 0.40425531914893614, 0.8620689655172413, 2.0714285714285716, 1.853658536585366, 2.48, 2.2857142857142856, 1.835820895522388, 2.142857142857143, 1.5789473684210527, 1.1724137931034482, 1.5913978494623655, 1.9285714285714286, 0.5945945945945946, 2.4054054054054053, 0.8444444444444444, 1.619047619047619, 0.8205128205128205, 0.4444444444444444, 1.763157894736842, 0.7142857142857143, 