{"r0_1": [[-1.0, 0.3, -1.0, -1.0, 0.5, -1.0, -1.0, -1.0, -1.0, -1.0, -1.0, -1.0, -1.0, -1.0, -1.0, 0.9, -1.0, -1.0, -1.0, 0.2, -1.0, -1.0, 0.1, -1.0, -1.0, -1.0, -1.0, -1.0, 0.8, -1.0, -1.0, -1.0, -1.0, -1.0, -1.0, 0.5, -1.0, 0.4, -1.0, -1.0, 2.0, -1.0, -1.0, -1.0, -1.0, -1.0, -1.0, -1.0], [-1.0, 0.3, 0.5, 7.4, 0.6, 1.3, 1.3, 2.1, 5.1, 0.3, 0.6, -1.0, 2.3, 0.4, 0.2, -1.0, 5.0, -1.0, 0.5, -1.0, 1.5555555555555556, 0.7, 3.6, -1.0, -1.0, 1.5, -1.0, -1.0, 0.3, 1.6, -1.0, 0.2, -1.0, -1.0, 0.5, 0.3, 0.2, 1.5, 0.9, -1.0, -1.0, -1.0, 0.6, -1.0, 1.3, -1.0, -1.0, -1.0], [-1.0, 0.4, -1.0, -1.0, 1.3, 3.4, -1.0, -1.0, 0.9, -1.0, 2.4, 2.5, 0.6, 2.2, 0.2, 0.8, 2.2, 4.2, 1.3, 1.0, 1.0, 1.5, 0.5, -1.0, -1.0, -1.0, 1.9, 0.5, 0.5, -1.0, -1.0, 1.1, 1.4, 2.7, 0.8, 0.2, -1.0, 2.3, 0.4, 1.0, 1.2222222222222223, 2.5, 0.2, -1.0, 6.1, 1.2, 1.8, -1.0], [0.5, 2.0, 0.1, 2.1, 1.3, 0.2, 0.9, 3.5, 0.7, 1.7, 3.4, 0.7, -1.0, 4.6, 4.2, 2.1, 0.9, -1.0, -1.0, -1.0, 1.2, 0.1, 0.3, -1.0, -1.0, 0.8, 1.7, 1.1, 1.6, 1.1, -1.0, 0.4, 6.4, 4.7, 1.1, 1.2, 0.5, 1.2, 0.4, -1.0, 0.1, 2.8, 0.4, 2.7777777777777777, 1.8, 0.7, 2.6, 2.5], [-1.0, 0.7, 2.6, 1.7, 1.5, 1.6, 1.2, -1.0, 2.6, 0.9, 0.3, 1.8888888888888888, 0.7, 2.0, 0.9, 1.7, 0.4, 1.3, 3.1, 0.7, 0.7, -1.0, 0.9, 1.0, 1.2, 0.5, 2.7, 0.4, 12.4, 2.5, 1.1, 0.6, 1.0, 0.2, 0.8, 0.7, 22.7, 2.1, 1.2, 0.6, 1.5, -1.0, 5.8, 0.4, 1.1, -1.0, 6.0, 4.2], [20.9, 2.2, 3.4, 1.4, 2.3, 1.6, 0.7, 2.3, 5.8, 6.8, 0.6, 6.6, 0.5, 5.7, 0.8, -1.0, 0.1, 1.1, 6.3, 0.6, -1.0, 3.8, 2.4, 0.9, 2.6, 0.4, 0.8, 1.7777777777777777, 1.9, 15.0, 0.2, 0.3, 0.6, 2.3, 0.5, 4.2, 0.4, 1.5, 6.4, 1.8, 3.2, 0.1, -1.0, 1.1, 0.6, 2.9, 3.1, 2.3], [7.6, 3.0, 2.6, -1.0, 2.4, 2.4, 1.2, 15.6, 0.6, 2.2, 0.9, 2.3, 7.9, -1.0, 1.2, 2.7, 3.7, 5.6, 2.0, 6.4, -1.0, 0.3, 4.6, 2.9, 1.6, 1.1, 0.7, 1.3, -1.0, 1.6, 0.2, -1.0, 0.7, 1.8, 4.1, 1.9, 1.7, 1.0, 4.6, 0.3, 6.6, 1.3, -1.0, 1.3, 1.6, 4.1, 2.1, 5.9], [0.5, 9.9, -1.0, 1.2, 0.6, 11.0, 2.9, 0.6, 1.5, 1.3, 2.5, 0.2, 0.3, 1.3, 4.9, 1.7, -1.0, 3.8, 3.3, 3.8, 0.7, 0.3, 1.0, 0.4, 3.7, 1.4, 1.5, 1.0, 1.8, 3.0, 7.8, 1.3, -1.0, 1.5, 0.9, 6.7, 3.1, 0.3, 4.7, 2.3, 0.8, 0.4, 2.1, 0.8, 3.1, 0.5, 1.4, 1.3], [7.4, 4.5, 3.3, 3.7, 0.5, 7.2, 4.5, 1.9, 0.8, 4.8, 5.0, 0.4, 0.9, 1.8, 4.1, 31.1, 4.7, 1.6, 1.6, 30.7, 4.1, 0.3, 1.2, 14.2, 0.5, 1.3, 6.2, 0.5, 1.5, 12.333333333333334, 6.444444444444445, 2.1, 3.1, 3.5, 0.6, 2.9, 0.8, 11.0, 2.8, 1.4, 0.6, 4.3, 6.9, 10.4, 3.3, 7.3, 3.0, 5.7]], "r0_23": [[-1.0, 0.25, -1.0, -1.0, 0.3333333333333333, -1.0, -1.0, -1.0, -1.0, -1.0, -1.0, -1.0, -1.0, -1.0, -1.0, 0.1, -1.0, -1.0, -1.0, 0.5, -1.0, -1.0, 0.5, -1.0, -1.0, -1.0, -1.0, -1.0, 0.1111111111111111, -1.0, -1.0, -1.0, -1.0, -1.0, -1.0, 0.16666666666666666, -1.0, 0.6666666666666666, -1.0, -1.0, 0.2, -1.0, -1.0, -1.0, -1.0, -1.0, -1.0, -1.0], [-1.0, 1.0, 0.75, 0.07692307692307693, 0.375, 0.13333333333333333, 0.7631578947368421, 0.25, 0.05555555555555555, 0.25, 0.14285714285714285, -1.0, 0.3448275862068966, 1.25, 0.6, -1.0, 0.0196078431372549, -1.0, 0.9821428571428571, -1.0, 0.17647058823529413, 0.7272727272727273, 0.125, -1.0, -1.0, 0.3684210526315789, -1.0, -1.0, 0.7142857142857143, 0.16666666666666666, -1.0, 0.75, -1.0, -1.0, 0.7647058823529411, 0.25, 0.3333333333333333, 0.16666666666666666, 0.3333333333333333, -1.0, -1.0, -1.0, 0.14285714285714285, -1.0, 0.7333333333333333, -1.0, -1.0, -1.0], [-1.0, 0.2, -1.0, -1.0, 0.14285714285714285, 0.375, -1.0, -1.0, 0.4166666666666667, -1.0, 0.3333333333333333, 0.6585365853658537, 0.25, 0.8691588785046729, 0.5, 0.2727272727272727, 0.5294117647058824, 0.2127659574468085, 1.1428571428571428, 0.09090909090909091, 0.3333333333333333, 0.38095238095238093, 0.4444444444444444, -1.0, -1.0, -1.0, 0.05, 0.16666666666666666, 0.2857142857142857, -1.0, -1.0, 0.3333333333333333, 0.45, 0.56, 1.1818181818181819, 1.3157894736842106, -1.0, 0.46875, 1.7391304347826086, 0.2857142857142857, 0.21428571428571427, 0.4473684210526316, 0.3333333333333333, -1.0, 0.27848101265822783, 0.9166666666666666, 0.7083333333333334, -1.0], [1.5084745762711864, 0.16666666666666666, 0.5, 0.045454545454545456, 0.8809523809523809, 2.0, 0.18181818181818182, 0.16666666666666666, 1.3333333333333333, 1.1063829787234043, 0.7777777777777778, 0.375, -1.0, 0.23214285714285715, 0.3392857142857143, 0.8823529411764706, 0.8888888888888888, -1.0, -1.0, -1.0, 1.0555555555555556, 0.6666666666666666, 0.9545454545454546, -1.0, -1.0, 0.8461538461538461, 0.2, 1.04, 0.25, 1.0, -1.0, 0.875, 0.74, 0.2807017543859649, 0.6206896551724138, 0.6666666666666666, 0.625, 0.15384615384615385, 0.4, -1.0, 0.8, 0.7631578947368421, 2.0833333333333335, 0.1935483870967742, 0.05263157894736842, 0.125, 0.5681818181818182, 0.6756756756756757], [-1.0, 0.7272727272727273, 0.7674418604651163, 0.6666666666666666, 0.17647058823529413, 0.5, 0.8823529411764706, -1.0, 0.4358974358974359, 0.6666666666666666, 1.0, 0.5909090909090909, 0.36363636363636365, 0.5555555555555556, 0.25, 0.15, 1.625, 0.1875, 0.24324324324324326, 1.0476190476190477, 0.125, -1.0, 1.3877551020408163, 0.8, 1.36, 1.1744186046511629, 0.5277777777777778, 2.8, 0.4635416666666667, 1.1746031746031746, 1.2903225806451613, 2.4285714285714284, 0.8571428571428571, 0.3333333333333333, 1.8461538461538463, 0.3333333333333333, 0.12698412698412698, 0.35714285714285715, 0.8181818181818182, 0.6363636363636364, 0.5384615384615384, -1.0, 0.7195121951219512, 0.3333333333333333, 0.08333333333333333, -1.0, 1.6633663366336633, 0.4897959183673469], [0.5053763440860215, 0.3870967741935484, 0.37735849056603776, 0.125, 0.6923076923076923, 0.8205128205128205, 0.9743589743589743, 1.3333333333333333, 0.7634408602150538, 0.5957446808510638, 0.14285714285714285, 0.4787234042553192, 0.8888888888888888, 1.0975609756097562, 0.5882352941176471, -1.0, 1.3846153846153846, 0.6842105263157895, 0.9391304347826087, 2.0588235294117645, -1.0, 0.8444444444444444, 1.1153846153846154, 1.3181818181818181, 1.9846153846153847, 0.42857142857142855, 0.2, 1.4, 0.43478260869565216, 0.538860103626943, 0.7777777777777778, 0.6, 0.4, 3.6129032258064515, 1.3048780487804879, 1.1551724137931034, 0.3333333333333333, 0.7083333333333334, 0.2597402597402597, 0.39285714285714285, 1.3063063063063063, 3.5, -1.0, 0.15384615384615385, 1.2216216216216216, 0.42105263157894735, 1.2105263157894737, 0.2413793103448276], [0.9763779527559056, 1.1833333333333333, 0.23529411764705882, -1.0, 1.1842105263157894, 0.39285714285714285, 1.1666666666666667, 0.751219512195122, 0.42857142857142855, 0.6744186046511628, 1.2857142857142858, 0.8947368421052632, 0.3763440860215054, -1.0, 0.6296296296296297, 0.8125, 0.5945945945945946, 0.18181818181818182, 0.20833333333333334, 0.6451612903225806, -1.0, 0.75, 1.507936507936508, 0.8913043478260869, 1.9464285714285714, 1.6, 0.3333333333333333, 3.0425531914893615, -1.0, 0.058823529411764705, 2.125, -1.0, 0.5, 1.2295081967213115, 0.958904109589041, 2.3703703703703702, 1.7317073170731707, 1.0, 0.4482758620689655, 0.4, 0.7637795275590551, 4.16, -1.0, 1.0363636363636364, 0.45454545454545453, 0.5538461538461539, 1.5326086956521738, 0.5681818181818182], [3.0588235294117645, 1.578125, -1.0, 1.1666666666666667, 0.375, 0.5364238410596026, 1.1176470588235294, 2.7777777777777777, 2.272727272727273, 0.4444444444444444, 1.6724137931034482, 1.7083333333333333, 0.4, 1.4, 1.3577981651376148, 1.435897435897436, -1.0, 1.391304347826087, 1.6666666666666667, 0.625, 4.571428571428571, 0.25, 1.4782608695652173, 2.6666666666666665, 1.8840579710144927, 0.75, 2.2, 1.5630252100840336, 1.1454545454545455, 0.717948717948718, 1.078512396694215, 1.2666666666666666, -1.0, 1.6265060240963856, 1.9090909090909092, 1.5340909090909092, 1.296875, 1.48, 0.47368421052631576, 1.7704918032786885, 0.9545454545454546, 17.444444444444443, 1.5, 1.75, 1.8617021276595744, 0.5, 0.5714285714285714, 2.0434782608695654], [1.0232558139534884, 1.2666666666666666, 0.9302325581395349, 1.1216216216216217, 1.3888888888888888, 0.6162790697674418, 3.2738095238095237, 1.2461538461538462, 0.2, 1.8777777777777778, 1.3764705882352941, 1.0625, 1.3653846153846154, 