{"r0_1": [[-1.0, -1.0, -1.0, -1.0, 0.4444444444444444, -1.0, -1.0, 0.5, -1.0, -1.0, -1.0, -1.0, -1.0, 0.5, -1.0, 0.2, -1.0, -1.0, -1.0, -1.0, -1.0, -1.0, 0.1, 0.3, -1.0, -1.0, -1.0, -1.0, 0.1, -1.0, 0.2, -1.0, -1.0, 0.3, 0.8, -1.0, -1.0, -1.0, -1.0, -1.0, -1.0, -1.0, 0.7, -1.0, -1.0, -1.0, -1.0, -1.0], [0.2, -1.0, 1.2, 0.2, 3.4, 0.3, -1.0, -1.0, 0.3, 2.1, -1.0, -1.0, 1.8, -1.0, 0.6, -1.0, 0.3, -1.0, 0.2, 1.4, -1.0, 1.1, 0.2, -1.0, 0.9, 2.5, -1.0, -1.0, -1.0, -1.0, 1.2, -1.0, 0.8, -1.0, -1.0, 1.1, -1.0, -1.0, 1.9, -1.0, 0.9, 0.4, 0.5, -1.0, 1.8, -1.0, -1.0, -1.0], [1.2, -1.0, 1.0, -1.0, -1.0, -1.0, 1.6, -1.0, 1.8, -1.0, 1.7, -1.0, 4.0, -1.0, -1.0, -1.0, 1.3, 1.0, 0.2, 0.7, 1.1, 0.1, 1.2, 1.7, -1.0, 0.4, 0.1, -1.0, 1.5, 0.8, -1.0, 0.5, 0.2, 4.777777777777778, -1.0, 0.8, -1.0, 1.8, 0.9, 0.1, 0.2, -1.0, -1.0, -1.0, -1.0, -1.0, 2.9, 0.9], [1.8, 0.4, 1.1, 5.5, 1.0, 4.0, 1.3, 0.9, 2.2, 0.4, 2.6, 1.6, 2.1, 0.3, 0.6, 1.0, 1.9, 2.6, -1.0, 2.4, 1.6, 0.3, -1.0, 2.6, 0.7, -1.0, 1.0, 2.6, 2.7, 1.1, -1.0, 2.0, 1.8, 0.4, 2.4, 1.0, 2.5, -1.0, 0.2, 0.9, 1.4, -1.0, 2.7, -1.0, 4.0, 1.3, 4.5, 0.2], [4.3, -1.0, 0.7, 1.4, 1.3, 2.6, -1.0, 0.5, 0.6, -1.0, -1.0, 1.7, 2.2, 0.8, 2.3, 1.7, 6.3, 2.9, 0.7, 2.9, 2.6, 0.4, 0.9, 1.3, 3.2, 1.3, 1.4, 1.6, 0.6, 1.1, 0.4, 4.4, 1.5, -1.0, 1.2, 6.6, 5.0, 0.4, 1.4, 0.5, 0.8, -1.0, 2.9, 0.9, 0.6, 1.4, 0.9, 0.9], [2.8, 2.1, 1.6, 0.3, 0.2, 1.5, 0.9, 1.6, 4.4, 0.5, 0.4, 2.2, 4.0, 11.9, 4.2, 2.7, 0.5, 1.6, 0.7, -1.0, 3.4, 0.6, 2.6, 0.6666666666666666, 5.2, 0.4, -1.0, 2.4, 1.1, 1.4, 1.2, -1.0, 6.0, 0.7, 1.7, 2.6, 2.1, 2.2, 0.3, 2.0, -1.0, 1.5, 0.5, 0.3, 3.1, 0.6, 0.8, 0.6], [0.6, 5.7, 1.0, 3.9, 0.7, 0.5, 13.3, 2.2, 1.7, 1.2, 0.5, 1.8, 1.1, -1.0, 2.4, 3.5, 4.6, 2.4, 3.1, 1.0, 4.6, 1.4, 6.1, 1.2, 1.6, 3.1, 5.8, 1.0, 2.7, 1.2, 4.5, 3.3, 2.0, 1.7, 3.8, 4.3, 1.8, 1.2, -1.0, 1.4, 1.1, 0.8, 0.3, 1.2, 14.9, 0.6, 1.0, 2.8], [5.1, 0.9, 0.2, 1.9, 0.5, 3.4, -1.0, 2.0, 3.2, 1.7, 1.1, 4.4, 0.5, 2.3, 1.0, 1.9, 3.1, 1.1, 3.7, 2.1, 4.666666666666667, 1.5555555555555556, 1.2, 4.4, 3.0, 19.3, 0.7, 0.3, 0.1, 1.5, 7.0, 4.3, 0.4, 1.5, 2.5, 1.3, 2.2, 1.8, 2.5, 1.5, 5.1, 6.8, 1.2, 1.8, 0.2, 2.6, 2.1, 3.5], [9.2, 8.6, 1.0, 1.8, 1.7, 8.8, 1.9, 3.6, 3.0, 0.9, 0.2, 2.3, 4.222222222222222, 1.4, 11.4, 1.8, 2.1, 2.3, 1.5, 5.5, 0.8, 5.7, 0.5, 1.9, 5.444444444444445, 5.4, -1.0, 6.8, 0.6, 1.7, 1.5, 2.7, 1.7, 12.1, 1.0, 2.9, 7.2, 12.3, 13.9, 5.5, 0.2, 2.1, -1.0, 1.1, 7.7, 1.4, 6.2, 5.9]], "r0_23": [[-1.0, -1.0, -1.0, -1.0, 0.7142857142857143, -1.0, -1.0, 1.1666666666666667, -1.0, -1.0, -1.0, -1.0, -1.0, 0.16666666666666666, -1.0, 0.5, -1.0, -1.0, -1.0, -1.0, -1.0, -1.0, 0.5, 0.5714285714285714, -1.0, -1.0, -1.0, -1.0, 0.9166666666666666, -1.0, 0.3333333333333333, -1.0, -1.0, 0.25, 0.2, -1.0, -1.0, -1.0, -1.0, -1.0, -1.0, -1.0, 0.2222222222222222, -1.0, -1.0, -1.0, -1.0, -1.0], [0.5, -1.0, 0.15384615384615385, 0.9444444444444444, 0.32432432432432434, 0.8571428571428571, -1.0, -1.0, 1.4, 0.16, -1.0, -1.0, 0.10526315789473684, -1.0, 0.14285714285714285, -1.0, 0.25, -1.0, 0.5, 0.06666666666666667, -1.0, 0.75, 0.3333333333333333, -1.0, 0.25, 0.6944444444444444, -1.0, -1.0, -1.0, -1.0, 0.07692307692307693, -1.0, 0.5384615384615384, -1.0, -1.0, 0.38461538461538464, -1.0, -1.0, 0.5714285714285714, -1.0, 1.9, 0.7894736842105263, 0.6666666666666666, -1.0, 0.05263157894736842, -1.0, -1.0, -1.0], [0.625, -1.0, 0.9285714285714286, -1.0, -1.0, -1.0, 0.8695652173913043, -1.0, 0.45, -1.0, 0.10526315789473684, -1.0, 1.0307692307692307, -1.0, -1.0, -1.0, 0.6818181818181818, 0.875, 0.6, 0.125, 0.08333333333333333, 0.8333333333333334, 0.8181818181818182, 0.4782608695652174, -1.0, 0.2, 1.0, -1.0, 0.0625, 0.2727272727272727, -1.0, 0.16666666666666666, 0.8, 0.4807692307692308, -1.0, 0.1111111111111111, -1.0, 0.2631578947368421, 0.6428571428571429, 2.1666666666666665, 1.25, -1.0, -1.0, -1.0, -1.0, -1.0, 0.16129032258064516, 0.42857142857142855], [0.05263157894736842, 0.2, 0.6153846153846154, 0.8666666666666667, 0.3333333333333333, 0.7936507936507936, 0.29411764705882354, 1.44, 0.48, 1.0, 0.41025641025641024, 1.087719298245614, 0.045454545454545456, 3.0, 0.14285714285714285, 0.4444444444444444, 0.4074074074074074, 1.0810810810810811, -1.0, 0.3235294117647059, 0.72, 0.6, -1.0, 1.5, 0.3, -1.0, 0.375, 0.07142857142857142, 1.1272727272727272, 0.2857142857142857, -1.0, 1.0649350649350648, 0.9310344827586207, 0.3333333333333333, 0.8823529411764706, 0.42857142857142855, 0.32432432432432434, -1.0, 0.3333333333333333, 1.3636363636363635, 1.6666666666666667, -1.0, 0.5142857142857142, -1.0, 0.35, 2.6129032258064515, 0.35294117647058826, 1.0], [1.4, -1.0, 1.0357142857142858, 0.4117647058823529, 1.3888888888888888, 1.1355932203389831, -1.0, 2.3333333333333335, 2.0833333333333335, -1.0, -1.0, 1.2, 0.7142857142857143, 0.1111111111111111, 0.5384615384615384, 0.25, 0.84375, 0.5714285714285714, 1.8, 0.5, 0.525, 0.6666666666666666, 1.0869565217391304, 0.6153846153846154, 1.0925925925925926, 1.6, 0.45454545454545453, 1.096774193548387, 0.4444444444444444, 0.4117647058823529, 0.8, 0.9852941176470589, 0.2777777777777778, -1.0, 0.4117647058823529, 0.8403361344537815, 0.14035087719298245, 1.4666666666666666, 0.631578947368421, 0.42857142857142855, 0.1111111111111111, -1.0, 0.30303030303030304, 1.4027777777777777, 0.8571428571428571, 2.90625, 0.8333333333333334, 1.5454545454545454], [1.0476190476190477, 1.2954545454545454, 0.7714285714285715, 0.25, 0.6, 2.107142857142857, 3.5, 0.7142857142857143, 1.1964285714285714, 0.8, 0.7142857142857143, 1.0, 1.0097087378640777, 1.1189189189189188, 1.6417910447761195, 1.711111111111111, 0.8666666666666667, 0.5454545454545454, 0.5, -1.0, 1.0227272727272727, 1.1666666666666667, 0.7592592592592593, 3.8, 1.2843137254901962, 4.25, -1.0, 0.26666666666666666, 0.15384615384615385, 1.1, 1.4642857142857142, -1.0, 1.611764705882353, 4.2, 2.129032258064516, 1.0, 1.2954545454545454, 0.9032258064516129, 0.25, 1.0344827586206897, -1.0, 0.2631578947368421, 0.16666666666666666, 1.3333333333333333, 1.0625, 1.1666666666666667, 1.0, 1.2857142857142858], [2.227272727272727, 0.8045977011494253, 1.1578947368421053, 1.3650793650793651, 2.0555555555555554, 1.9333333333333333, 1.0144927536231885, 0.16, 1.5957446808510638, 2.230769230769231, 1.2692307692307692, 1.617283950617284, 1.15, -1.0, 2.98, 1.3333333333333333, 1.4563758389261745, 0.7073170731707317, 2.5280898876404496, 0.7894736842105263, 1.1666666666666667, 0.4444444444444444, 0.75, 2.4074074074074074, 1.1379310344827587, 0.9069767441860465, 2.164705882352941, 0.09090909090909091, 0.9361702127659575, 0.9583333333333334, 1.2318840579710144, 1.4038461538461537, 0.17391304347826086, 0.7916666666666666, 1.1206896551724137, 1.4303797468354431, 1.6666666666666667, 0.7647058823529411, -1.0, 1.7959183673469388, 0.42857142857142855, 1.7647058823529411, 3.625, 1.0, 1.1377551020408163, 0.7727272727272727, 1.48, 1.2702702702702702], [0.726027397260274, 1.0714285714285714, 0.5, 0.8888888888888888, 1.05, 1.2857142857142858, -1.0, 1.2142857142857142, 2.2758620689655173, 1.297872340425532, 0.47058823529411764, 1.735632183908046, 1.6521739130434783, 1.8461538461538463, 1.7692307692307692, 1.8695652173913044, 1.4772727272727273, 0.9411764705882353, 1.326797385620915, 2.7560975609756095, 5.092592592592593, 0.45, 1.2962962962962963, 0.6285714285714286, 1.0714285714285714, 0.5708154506437768, 0.5333333333333333, 0.8571428571428571, 1.5, 3.6944444444444446, 1.0493827160493827, 1.3411764705882352, 1.5555555555555556, 1.6956521739130435, 0.7631578947368421, 2.4583333333333335, 1.5151515151515151, 0.875, 1.15, 1.368421052631579, 1.792, 1.38860103626943, 0.5454545454545454, 0.8125, 0.3333333333333333, 1.6666666666666667, 1.8780487804878048, 0.62], [1.5575757575757576, 1.5030674846625767, 2.2564102564102564, 1.3773584905660377, 1.328358208955224, 2.027586206896552, 1.3294117647058823, 0.16279069767441862, 2.056603773584906, 3.3863636363636362, 0.5, 2.4545454545454546, 1.5135135135135136, 1.0714285714285714, 1.005586592178771, 1.5432098765432098, 2.7804878048780486, 1.2, 