{"r0_1": [[-1.0, -1.0, 0.6, 0.9, -1.0, -1.0, -1.0, -1.0, -1.0, 0.2, 2.2, 0.6, -1.0, -1.0, 1.5, -1.0, 0.8, -1.0, -1.0, -1.0, -1.0, -1.0, -1.0, 0.6, 0.3, 0.2, -1.0, -1.0, -1.0, -1.0, 0.4, -1.0, 0.4, -1.0, 0.8, -1.0, 1.2, -1.0, -1.0, -1.0, -1.0, -1.0, -1.0, -1.0, 0.4, -1.0, -1.0, -1.0], [0.2, 0.5, -1.0, 2.3, 1.1, 2.2, -1.0, 0.5, 0.3, 1.3333333333333333, 0.5, 0.3, 1.4, 1.2, -1.0, -1.0, 0.2222222222222222, -1.0, 0.4, 0.6, 1.5, -1.0, 0.4, -1.0, -1.0, 3.2, -1.0, 0.9, 1.1, 4.2, 0.6, -1.0, -1.0, 0.2, 3.2, 0.9, 0.1, -1.0, -1.0, -1.0, -1.0, 0.7, 0.5, 5.9, 1.2, -1.0, -1.0, 1.3], [1.3, -1.0, -1.0, 2.6, 1.0, -1.0, -1.0, 4.1, 0.8, 2.9, -1.0, 1.2, 0.6, 3.0, 0.4, -1.0, 1.7, 3.8, -1.0, 0.3, 0.4, 0.4, 0.4, -1.0, 0.9, 1.0, 0.9, 0.8, 4.1, 0.8, 0.4, 3.1, 2.4, 1.5, 6.2, 1.4, 2.1, -1.0, 1.3, 0.5, -1.0, 0.3, -1.0, 1.9, -1.0, -1.0, -1.0, 0.8], [1.7, 1.1, 1.4, -1.0, 3.1, 6.1, 1.8, 1.6, -1.0, 1.2, 0.7, 0.8, 0.3, 0.6, 6.4, 3.0, 0.7, -1.0, 0.3, 2.2, 1.4, 4.8, 1.1, 3.2, 0.7, 1.8, 0.8, 0.5, 0.2, 5.5, 0.9, 1.9, -1.0, 0.5, 0.7, 2.7, 1.0, 0.9, 2.8, 1.0, 0.1, 0.5, 0.8, -1.0, 5.2, 2.9, 0.9, 2.9], [9.2, 1.0, 1.0, 3.1, 5.2, 0.8, 2.0, 11.0, 5.3, 1.1, 0.3333333333333333, 0.4, 7.8, 0.3, 5.2, -1.0, 1.0, 4.9, 0.7, 0.1, 2.0, 16.0, 1.5, 3.2, 2.7, 2.3, -1.0, 1.3, 5.2, 0.3, 5.444444444444445, 0.7, 3.2, -1.0, 1.7, 2.9, 3.7, 3.3, 1.5, 1.7, 6.1, 0.7, 3.2, 1.0, 0.8, 0.9, 3.3, 15.7], [3.2, 0.9, 0.9, 0.2, 1.3, 0.4, 1.4, 1.3, -1.0, 2.6, 0.6, 0.2, -1.0, 1.0, 1.5, 2.4, 0.2, 2.5, 11.2, 5.7, 5.0, 5.5, 1.4, 2.7, 3.7, 7.1, 5.2, 2.9, 0.8, 1.3, 0.4, 3.8, 9.6, 7.6, 1.9, 4.7, 3.9, -1.0, 0.5, 1.8, 0.4, 1.2, 0.8, 1.5, 0.7, 2.2, 6.9, -1.0], [-1.0, 2.0, 1.0, 10.6, 2.4, 0.9, 2.6, 2.9, 6.0, 10.5, 5.7, 2.9, 4.4, 1.8, 3.3, 4.7, 3.4, 4.666666666666667, 2.7, 0.3, 0.1, 0.4, 1.9, 1.6, 2.9, 1.3, 1.9, 3.9, 0.5, 2.5, -1.0, 2.6, 2.2, 6.444444444444445, 3.6, 6.0, 1.7, 4.9, 0.5, 2.9, 2.7, 2.1, 0.8, 1.7777777777777777, 4.2, 3.0, 6.2, 4.2], [1.5, 1.5, -1.0, 7.7, 0.5, 4.7, 0.5, 2.5, 1.6, 2.8, 18.0, 3.5, 5.1, 0.8, -1.0, 4.3, 1.1, 1.6, 3.4, 1.1, 2.4, 2.4, 2.1, 2.8, 8.4, 0.9, 7.8, 4.9, 7.9, -1.0, 1.5, 10.7, 4.4, -1.0, 1.0, 1.1, 3.6, 3.0, 1.4, 3.8, 7.1, 2.3, 0.4, 1.9, 4.3, 0.5, 7.3, 0.4], [0.8, 0.7, 0.7, 4.5, 6.0, 3.4, 3.6, 17.3, 3.8, 3.8, 4.0, 0.9, 10.3, 4.3, 0.9, 3.4, 3.4, 2.0, 4.1, 0.8, 1.4, 12.8, 0.5, 0.7, 1.0, 0.6, 4.7, 0.5, 5.4, 4.0, 3.3, 1.1, 1.8, 0.7, 0.4, 1.1, 2.6, 12.7, 2.4, 1.3, 1.6, 8.8, 1.7, 6.3, 3.7, 1.2, 1.5, 1.1]], "r0_23": [[-1.0, -1.0, 0.14285714285714285, 0.1, -1.0, -1.0, -1.0, -1.0, -1.0, 0.3333333333333333, 0.043478260869565216, 0.25, -1.0, -1.0, 0.125, -1.0, 0.1111111111111111, -1.0, -1.0, -1.0, -1.0, -1.0, -1.0, 0.3333333333333333, 0.25, 0.3333333333333333, -1.0, -1.0, -1.0, -1.0, 0.4, -1.0, 0.2, -1.0, 0.2, -1.0, 0.29411764705882354, -1.0, -1.0, -1.0, -1.0, -1.0, -1.0, -1.0, 0.2, -1.0, -1.0, -1.0], [0.3333333333333333, 0.6875, -1.0, 0.2857142857142857, 0.23076923076923078, 0.5428571428571428, -1.0, 0.16666666666666666, 0.25, 2.7222222222222223, 0.16666666666666666, 0.6, 0.25, 0.6, -1.0, -1.0, 0.6666666666666666, -1.0, 0.5, 0.3333333333333333, 0.9, -1.0, 0.4, -1.0, -1.0, 0.12121212121212122, -1.0, 1.9523809523809523, 0.5, 0.21568627450980393, 0.14285714285714285, -1.0, -1.0, 0.6666666666666666, 0.030303030303030304, 0.2, 1.6666666666666667, -1.0, -1.0, -1.0, -1.0, 0.125, 0.42857142857142855, 0.22857142857142856, 0.3888888888888889, -1.0, -1.0, 0.3125], [0.6896551724137931, -1.0, -1.0, 1.1944444444444444, 0.5555555555555556, -1.0, -1.0, 0.2, 0.9333333333333333, 0.3333333333333333, -1.0, 0.3684210526315789, 1.8571428571428572, 0.17142857142857143, 0.2, -1.0, 0.10526315789473684, 0.574468085106383, -1.0, 1.1666666666666667, 1.0, 0.8333333333333334, 0.7142857142857143, -1.0, 0.2727272727272727, 0.9411764705882353, 1.0, 0.75, 0.5967741935483871, 0.2, 0.6, 0.03125, 0.7058823529411765, 0.75, 0.43243243243243246, 1.0, 0.9636363636363636, -1.0, 0.8148148148148148, 0.7142857142857143, -1.0, 0.25, -1.0, 0.6, -1.0, -1.0, -1.0, 0.3], [1.0961538461538463, 0.08333333333333333, 0.8846153846153846, -1.0, 0.19444444444444445, 1.0493827160493827, 1.054054054054054, 1.15, -1.0, 0.47619047619047616, 1.0, 0.8571428571428571, 1.0, 0.5, 0.8148148148148148, 0.47368421052631576, 0.3, -1.0, 1.25, 0.2222222222222222, 0.375, 0.640625, 0.65, 0.24390243902439024, 0.8823529411764706, 0.6097560975609756, 0.6923076923076923, 0.4444444444444444, 0.5, 0.36923076923076925, 0.2, 0.6551724137931034, -1.0, 0.5714285714285714, 0.375, 1.95, 1.06, 0.9230769230769231, 0.6052631578947368, 0.95, 0.5, 0.8888888888888888, 0.7272727272727273, -1.0, 0.3230769230769231, 1.0930232558139534, 0.2727272727272727, 0.2857142857142857], [1.3006993006993006, 3.1904761904761907, 0.7857142857142857, 1.2, 1.7424242424242424, 1.8888888888888888, 0.32, 0.8113207547169812, 0.6875, 0.21428571428571427, 0.8, 0.8571428571428571, 0.6013986013986014, 0.7777777777777778, 0.47619047619047616, -1.0, 0.5384615384615384, 0.3142857142857143, 0.625, 1.75, 0.9583333333333334, 0.6785714285714286, 0.3888888888888889, 0.75, 0.8571428571428571, 0.7317073170731707, -1.0, 1.1379310344827587, 0.5757575757575758, 1.6, 1.0, 0.6666666666666666, 0.9811320754716981, -1.0, 0.8823529411764706, 0.6458333333333334, 0.7164179104477612, 0.8297872340425532, 0.3, 0.92, 0.8557692307692307, 0.8888888888888888, 1.4473684210526316, 0.18181818181818182, 0.1111111111111111, 2.6666666666666665, 1.1382113821138211, 0.5141509433962265], [0.5227272727272727, 1.0, 0.6153846153846154, 1.1896551724137931, 1.0, 1.3089430894308942, 0.782608695652174, 1.7, -1.0, 1.3220338983050848, 0.8, 0.3333333333333333, -1.0, 0.16666666666666666, 1.391304347826087, 1.6904761904761905, 0.5, 1.3728813559322033, 1.0952380952380953, 0.8735632183908046, 0.23333333333333334, 1.1603773584905661, 1.4146341463414633, 1.6181818181818182, 0.8181818181818182, 1.0396039603960396, 1.4705882352941178, 1.9772727272727273, 0.9090909090909091, 0.25, 1.2941176470588236, 1.0377358490566038, 1.6422764227642277, 0.75, 1.0714285714285714, 1.109375, 0.8235294117647058, -1.0, 0.875, 1.546875, 2.7, 4.0, 0.1111111111111111, 1.0, 2.392156862745098, 0.6666666666666666, 0.7857142857142857, -1.0], [-1.0, 0.13636363636363635, 1.8823529411764706, 1.384180790960452, 0.9318181818181818, 1.411764705882353, 1.1666666666666667, 0.9107142857142857, 1.9595959595959596, 0.6564885496183206, 1.1711711711711712, 0.7317073170731707, 0.7424242424242424, 0.5833333333333334, 3.2745098039215685, 1.3442622950819672, 3.6666666666666665, 1.4881889763779528, 1.425531914893617, 0.4, 1.0, 1.25, 1.6111111111111112, 1.3166666666666667, 1.5978260869565217, 0.7948717948717948, 1.64, 1.3492063492063493, 3.217391304347826, 0.9777777777777777, -1.0, 0.3793103448275862, 1.5128205128205128, 1.3584905660377358, 1.6307692307692307, 0.8301886792452831, 0.7435897435897436, 2.2666666666666666, 0.16666666666666666, 1.0655737704918034, 1.625, 1.5151515151515151, 1.4428571428571428, 0.8709677419354839, 1.6444444444444444, 0.975, 0.9574468085106383, 1.5172413793103448], [0.7307692307692307, 2.22, -1.0, 1.7210884353741496, 0.875, 2.7752808988764044, 0.8181818181818182, 1.2653061224489797, 1.82, 1.625, 1.0676691729323309, 1.5698924731182795, 0.7377049180327869, 1.876923076923077, -1.0, 0.3018867924528302, 3.1176470588235294, 1.7777777777777777, 1.8923076923076922, 0.3333333333333333, 1.8548387096774193, 1.2, 2.338235294117647, 1.7272727272727273, 2.0717703349282295, 1.4787234042553192, 1.5, 0.7014925373134329, 1.965034965034965, -1.0, 1.7272727272727273, 1.0483870967741935, 1.9349112426035502, -1.0, 3.5384615384615383, 1.0, 2.232142857142857, 0.4523809523809524, 1.4736842105263157, 1.150943396226415, 1.5729166666666667, 0.5, 0.5, 1.7741935483870968, 2.197530864197531, 0.8571428571428571, 1.2222222222222223, 1.1428571428571428], [2.7142857142857144, 0.125, 3.925925925925926, 0.7349397590361446, 1.303370786516854, 1.36, 1.7154471544715446, 1.7099236641221374, 1.4885844748858448, 2.8493150684931505, 1.9431818181818181, 1.1594202898550725, 1.0580645161290323, 0.8333333333333334, 1.1428571428571428, 2.6626506024096384,