{"r0_1": [[0.1, 0.4, -1.0, -1.0, 1.3, -1.0, 0.2, 0.9, 0.7, -1.0, -1.0, -1.0, -1.0, -1.0, -1.0, -1.0, -1.0, -1.0, 0.2, 0.2, 1.6, 0.2, -1.0, -1.0, -1.0, -1.0, -1.0, -1.0, 0.3, -1.0, -1.0, -1.0, 0.2, -1.0, -1.0, 0.5, 1.7, 1.1, -1.0, 0.2, -1.0, -1.0, -1.0, -1.0, -1.0, -1.0, -1.0, -1.0], [0.4, 0.2, -1.0, 1.4, 1.1, -1.0, 0.5, 0.2, 0.4, 0.6, -1.0, 2.2, -1.0, 0.4, -1.0, 0.3, 3.3, 1.0, -1.0, 1.3, -1.0, 0.3, 0.7, 0.4, 0.3, -1.0, -1.0, -1.0, 0.6, 1.6, 2.0, 0.3, 0.8, 1.4, -1.0, -1.0, -1.0, 0.4, 3.6, 1.1, 0.7, -1.0, 1.0, 0.6, -1.0, 1.4, 1.1, -1.0], [5.2, 4.3, 0.8, 2.4, 0.9, 4.0, 0.5, -1.0, 2.0, 1.2, 5.0, 0.5, 0.5, 3.1, 0.5, 2.2, 0.9, 2.2, 0.3, 2.2, 3.5, -1.0, 0.4, 1.0, 1.0, 1.0, 1.2, -1.0, -1.0, -1.0, 0.1, 1.7, 0.5, 0.4, 2.5, 1.1, -1.0, 4.1, 0.6, -1.0, 1.8, 7.1, 1.2, 1.0, 1.8, -1.0, 1.4, -1.0], [0.4, 0.2, -1.0, 0.8, 0.6, 2.2, -1.0, -1.0, -1.0, 5.1, 2.1, 1.8, 0.6, 1.2, 1.5, -1.0, 9.2, 1.1, 1.6, 0.5, 0.7, 7.3, 3.4, -1.0, 6.1, 2.2, 1.1, 0.8, 0.7, 6.1, 4.5, 1.5, 0.6, 6.6, 0.8, 1.7, 12.0, 2.5, 0.8, 0.9, 0.3, 1.7, 0.8, 3.4, 1.3, 1.5, 2.1, 3.1], [2.5, 0.8, 0.6, 8.6, 0.5, 0.5, 7.3, 1.3, 3.6, 2.9, 2.0, 1.4, 4.0, 1.4, 2.5, -1.0, 1.1, 2.4, 0.5, 0.1, 1.6, 0.5, 0.7, -1.0, 1.6, 0.7, 1.7, 0.3, 7.6, 4.2, 0.8888888888888888, 0.3, 0.3, 2.5, 1.7, 0.4, -1.0, 2.1, 1.2, 3.3, 0.2, 2.1, 3.9, 0.7, -1.0, 5.8, 2.3, -1.0], [1.7, 2.8, 0.3, 0.3, 2.1, 12.0, 0.9, 2.4, 0.8, 1.3, 0.3, 0.5, 5.3, 6.4, 1.3, 3.9, 1.1, 0.6, 2.4, 1.9, 1.5, 1.7, 1.5, 1.7, 0.9, 0.8888888888888888, 14.1, 1.7, 1.3, 7.7, 2.0, 1.3, 1.1, 9.4, 0.9, 3.7, 1.9, 0.3, 4.4, 1.1, 0.6, 6.4, 2.3, 0.2, 9.7, 1.2, 1.2, 5.4], [3.9, 2.4, 26.3, 2.6, 2.5, 1.7, 1.7, 0.3, 0.8, 1.0, 0.1, 2.0, 0.7, 1.2, 1.8, 0.4, 10.8, 1.5, 1.5, 10.8, 0.3, 7.5, 0.9, 2.0, 0.8, 1.8, 1.1, 0.8, 4.4, 0.6, 1.2, 4.3, 3.0, 3.9, 1.0, 0.8, 2.4, 2.1, 0.8, 1.2, 4.6, 0.7, 0.4, 10.3, 4.5, -1.0, 0.7, 0.4], [-1.0, 2.4, 1.6, 0.5, 0.2, 13.3, 1.2, 1.0, 2.6, 0.9, 12.444444444444445, 1.6, 3.9, -1.0, 0.6, 1.4, 2.0, 1.6, 1.6, 1.9, 2.0, 1.4, 13.9, 3.6, 6.9, 8.8, -1.0, 4.7, 2.8, 1.3, 1.2, 1.4, 2.5, 3.4, 6.3, 5.2, 5.9, 0.8, 25.5, 2.1, 3.2, 1.6, 3.8, 3.1, 5.0, 0.4, -1.0, 1.2], [0.6, 1.6, 1.7, 4.6, 3.6, 1.3, 13.8, 2.9, 2.4, 4.8, 1.0, 1.6, 8.0, 8.7, 7.9, 1.5, 0.9, 1.1, 13.7, 0.7, 1.2, 1.3333333333333333, 0.5, 2.2, 17.7, 1.6, 9.1, 2.1, 0.9, 0.8, 1.7, 12.5, 4.1, 16.7, 3.2, -1.0, 1.2, 2.8, 9.9, 3.1, 1.8, 4.0, 36.5, 1.9, 1.0, -1.0, 2.5, 1.3]], "r0_23": [[0.5, 0.42857142857142855, -1.0, -1.0, 0.07142857142857142, -1.0, 0.8181818181818182, 0.1, 0.125, -1.0, -1.0, -1.0, -1.0, -1.0, -1.0, -1.0, -1.0, -1.0, 0.3333333333333333, 0.3333333333333333, 0.058823529411764705, 0.3333333333333333, -1.0, -1.0, -1.0, -1.0, -1.0, -1.0, 0.25, -1.0, -1.0, -1.0, 0.3333333333333333, -1.0, -1.0, 0.16666666666666666, 0.5, 0.15384615384615385, -1.0, 0.3333333333333333, -1.0, -1.0, -1.0, -1.0, -1.0, -1.0, -1.0, -1.0], [0.2, 0.3333333333333333, -1.0, 1.24, 0.5238095238095238, -1.0, 0.7777777777777778, 2.6666666666666665, 0.75, 0.7692307692307693, -1.0, 1.375, -1.0, 8.0, -1.0, 0.5, 0.29545454545454547, 0.09090909090909091, -1.0, 0.13333333333333333, -1.0, 0.6, 0.7058823529411765, 0.2, 0.9333333333333333, -1.0, -1.0, -1.0, 0.25, 0.35, 0.20833333333333334, 1.5, 0.4166666666666667, 0.9090909090909091, -1.0, -1.0, -1.0, 0.5, 0.20930232558139536, 0.08333333333333333, 0.7692307692307693, -1.0, 0.9285714285714286, 0.3333333333333333, -1.0, 0.125, 0.8421052631578947, -1.0], [0.5111111111111111, 0.8631578947368421, 0.8, 0.08, 0.8888888888888888, 0.19148936170212766, 0.6363636363636364, -1.0, 0.047619047619047616, 0.868421052631579, 0.20967741935483872, 0.7777777777777778, 0.16666666666666666, 0.5405405405405406, 1.5, 0.5517241379310345, 0.5384615384615384, 0.8928571428571429, 0.75, 1.0, 0.6976744186046512, -1.0, 1.2, 0.09090909090909091, 1.1764705882352942, 0.85, 0.35714285714285715, -1.0, -1.0, -1.0, 1.0, 0.6428571428571429, 1.3529411764705883, 1.0, 0.36666666666666664, 0.5384615384615384, -1.0, 1.3174603174603174, 0.5, -1.0, 0.9354838709677419, 0.6867469879518072, 0.42105263157894735, 0.45454545454545453, 1.75, -1.0, 0.13333333333333333, -1.0], [0.2, 0.3333333333333333, -1.0, 1.0, 1.0, 0.6976744186046512, -1.0, -1.0, -1.0, 0.9878048780487805, 1.1071428571428572, 0.28, 1.1162790697674418, 0.782608695652174, 2.53125, -1.0, 0.8527131782945736, 0.4, 0.2727272727272727, 1.2666666666666666, 0.125, 0.9534883720930233, 0.1282051282051282, -1.0, 0.5783132530120482, 0.84375, 0.7241379310344828, 1.9333333333333333, 0.4, 0.7303370786516854, 0.17647058823529413, 0.65, 0.6666666666666666, 0.36666666666666664, 1.3636363636363635, 1.1, 0.23703703703703705, 0.475, 0.6923076923076923, 0.25, 0.5, 0.05555555555555555, 1.2857142857142858, 0.3023255813953488, 0.07142857142857142, 0.11764705882352941, 0.7272727272727273, 0.6727272727272727], [1.096774193548387, 0.6363636363636364, 0.14285714285714285, 0.7936507936507936, 0.2857142857142857, 1.3333333333333333, 0.717391304347826, 0.7777777777777778, 2.2, 1.6758241758241759, 0.9473684210526315, 0.125, 0.5423728813559322, 1.7894736842105263, 1.3958333333333333, -1.0, 0.8260869565217391, 2.6, 0.5, 23.0, 0.44, 3.0, 0.3, -1.0, 0.5, 1.0677966101694916, 0.5238095238095238, 1.0, 0.9473684210526315, 0.6481481481481481, 1.3076923076923077, 1.5789473684210527, 4.25, 0.6190476190476191, 0.05555555555555555, 0.2, -1.0, 2.1285714285714286, 2.6666666666666665, 0.35, 0.8571428571428571, 1.0606060606060606, 1.1134020618556701, 0.7142857142857143, -1.0, 1.694915254237288, 0.3333333333333333, -1.0], [1.2549019607843137, 1.435483870967742, 3.1666666666666665, 0.75, 1.4210526315789473, 0.9144736842105263, 0.9310344827586207, 0.6, 0.3333333333333333, 1.441860465116279, 0.5, 2.4545454545454546, 0.6338028169014085, 1.2016129032258065, 0.7368421052631579, 5.533333333333333, 0.7619047619047619, 2.5, 0.9117647058823529, 1.0609756097560976, 0.6842105263157895, 3.057142857142857, 1.2241379310344827, 1.438095238095238, 0.36363636363636365, 1.3636363636363635, 0.4393063583815029, 0.55, 1.0476190476190477, 1.4701492537313432, 0.52, 0.7837837837837838, 0.9375, 1.7538461538461538, 2.0714285714285716, 2.164383561643836, 1.6333333333333333, 0.4, 0.3709677419354839, 1.347457627118644, 0.7777777777777778, 0.36470588235294116, 1.434782608695652, 1.2, 1.11875, 0.6875, 5.136363636363637, 0.7789473684210526], [0.52, 1.375, 0.32903225806451614, 1.2244897959183674, 0.2903225806451613, 1.6956521739130435, 1.3142857142857143, 1.2, 2.1153846153846154, 1.3793103448275863, 2.45, 1.59375, 2.6136363636363638, 1.7534246575342465, 2.0588235294117645, 0.7142857142857143, 0.8364779874213837, 0.8518518518518519, 1.5, 1.144578313253012, 1.5263157894736843, 0.2222222222222222, 4.9523809523809526, 0.047619047619047616, 2.111111111111111, 3.3, 1.2962962962962963, 1.8101265822784811, 1.1551724137931034, 3.3333333333333335, 3.111111111111111, 1.1604938271604939, 1.180327868852459, 0.96875, 2.0, 0.8620689655172413, 1.2820512820512822, 0.96, 0.9166666666666666, 2.0, 2.5789473684210527, 0.9285714285714286, 0.4, 0.9142857142857143, 1.3880597014925373, -1.0, 0.125, 0.6666666666666666], [-1.0, 1.2439024390243902, 1.558139534883721, 1.3, 0.6, 0.615819209039548, 2.0357142857142856, 2.3529411764705883, 2.6724137931034484, 1.28, 0.5, 2.4375, 1.3417721518987342, -1.0, 2.375, 1.5348837209302326, 2.47008547008547, 0.42857142857142855, 2.7017543859649122, 0.9, 1.1395348837209303, 1.8333333333333333, 0.9223744292237442, 1.0, 1.5052631578947369, 1.9859154929577465, -1.0, 1.453416149068323, 2.0161290322580645, 1.2580645161290323, 9.0, 1.4871794871794872, 3.1346153846153846, 1.0, 0.7777777777777778, 1.8700564971751412, 1.9210526315789473, 6.655172413793103, 0.49074074074074076, 1.2666666666666666, 1.7083333333333333, 0.48148148148148145, 1.4954128440366972, 2.5, 2.608695652173913, 1.4545454545454546, -1.0, 1.3484848484848484], [1.375, 0.7407407407407407, 1.5210084033613445, 1.6071428571428572, 1.3170731707317074, 2.0208333333333335, 0.923728813559322, 1.967741935483871, 2.6363636363636362, 1.6210045662100456, 1.3529411764705883, 2.25, 1.6857142857142857, 1.525, 2.328, 4.0, 