{"r0_1": [[1.0, 1.0, 1.0, 0.7, 3.1, 1.3, 1.0, 1.0, 2.3, 2.6, 0.9, 1.8, 0.8, 3.2, 2.9, 1.0, 2.5, 1.9, 1.5, 1.3, 1.6, 1.6, 2.9, 2.6, 2.8, 1.5, 0.9, 0.9, 1.7, 0.8, 0.7, 1.3, 1.8, 1.2, 1.2, 2.4, 4.0, 2.8, 1.8, 1.6, 2.1, 1.7, 1.7, 1.0, 3.3, 1.6, 1.9, 4.4, 1.9, 0.4, 1.7, 2.3, 1.5, 2.1, -1.0, 2.0, 1.9, 2.0, 1.7, 4.2, 1.7, 3.8, 2.7, 1.0, 0.9, 4.4, 2.0, 4.3, 1.9, 0.9, 1.9, 0.8, 1.4, 1.4, 2.5, 0.9, 1.7, 3.6, 1.5, 2.3, 1.0, 2.6, 1.4, 1.4, 0.9, 1.2, 1.4, 0.8, 2.0, 0.6, 3.9, 1.2, 4.3, 2.3, 2.1, -1.0, 2.0, 2.5, 1.1, 0.9, 4.0, 1.2, 0.4, 0.7, 1.6, 3.2, 0.8, 1.3, 1.0, 2.5, 3.1, 1.2, 1.4, 0.6, 2.3, 0.6, 3.3, -1.0, 1.1, 1.5, 1.9, 0.6, 1.5, 1.7, 2.8, 1.2, -1.0, 1.8, 5.1, 2.4, 6.2, 0.9, 2.7, 0.8, 2.6, -1.0, 2.0, 2.8, 1.1, 0.8888888888888888, 5.6, 4.0, 4.9, 1.6], [1.3, 5.0, 4.9, 1.3, 1.6, 2.4, 2.5, 0.4, 1.1, 5.9, 2.1, 3.8, 3.3, 2.7, 2.7, 1.0, 2.8, 9.2, 2.4, 2.4, 2.2, 2.2, 1.6, 1.1, 2.0, 2.2, 3.2, 4.4, 2.3, 1.5, 1.0, 2.8, 1.2, 2.1, 1.7, 1.6, 4.7, 4.3, 2.3, -1.0, 1.2, 2.4, 5.1, 2.4, 2.2, 5.5, 1.5, 5.7, 3.8, 0.9, 0.6, 9.0, 1.5, 1.5, 0.5, 2.6, 1.6, 4.0, 4.4, 2.2, 5.4, 3.5, 2.7, 2.3, 4.2, 1.2, 0.5, 2.1, 0.8, 2.0, 2.2, 3.4, 4.0, 2.4, 1.1, 1.9, 1.2, 2.7, 4.4, 2.8, 2.4, 2.7, 4.6, 0.8, 1.5, 1.8, 3.3, 4.5, 1.6, 1.5, 2.3, 1.0, 1.2, 1.1, 2.3, 4.1, 1.0, 1.5, 4.1, 2.5, 1.0, 0.6, 1.1, 1.8, 1.5, 4.5, 2.2, -1.0, 1.6, 1.7, 1.9, 0.9, 3.0, 5.1, 2.9, 3.8, 1.8, 0.6, 0.7, 1.4, 1.6, 0.6, 2.9, 1.0, 3.8, 0.9, 1.4, 0.6, 2.2, 2.3, 4.0, 1.1, 0.4, 2.0, 1.2, 2.7, 1.0, 5.1, 1.3, 2.6, 1.3, 1.4, 3.0, 1.1], [4.0, 1.6, 5.0, 0.6, 3.6, 2.6, 2.4, 1.0, 2.6, 1.5, 3.6, 2.4, 2.0, 2.1, 2.5, 8.4, 0.4, 9.7, 2.1, 2.5, 2.8, 2.5, 2.4, 2.8, 1.5, 13.5, 3.9, 3.7, 1.3, 1.1, 1.1, 1.4, 9.3, 2.2222222222222223, 1.1, 7.0, 0.8, 5.1, 5.6, 5.7, 6.0, 3.8, 3.8, 2.1, 1.9, 1.7, 3.3, 4.2, 3.1, 1.9, 1.7, 2.8, 2.0, 3.0, 7.3, 2.4, 1.3, 0.6, 4.9, 3.1, 1.1, 3.8, 1.9, 3.4, 2.7, 4.4, 3.0, 2.1, 3.7, 6.7, 1.2, 3.0, 0.9, 2.8, 3.5, 3.2, -1.0, 3.9, 1.7, 3.0, 2.3, 6.0, 2.0, 1.7, 5.1, 2.4, 3.3, 3.4, 2.0, 1.7, 2.9, 2.4, 3.3, 2.0, 1.4, 4.7, 3.0, 1.2, 5.6, 3.3, 4.6, 0.9, 0.8, 1.6, 2.6, 2.0, 2.3, 2.7, 1.8, 2.6, 3.0, 3.8, 1.9, 1.8, 3.2, 1.4, 5.7, 4.0, 4.7, 1.9, 3.6, 3.9, 1.6, 3.8, 3.3, 2.6, 3.1, 2.7, 1.9, 8.2, 2.3, 1.2, 5.1, 5.0, 1.2, 2.7, 0.6, 4.1, 3.2, 3.6, 1.8, 4.2, 12.3, 1.7]], "secondary_cases": [[3, 1, 1, 1, 0, 0, 0, 2, 2, 0, 0, 0, 0, 3, 2, 0, 2, 0, 0, 3, 0, 0, 0, 0, 0, 0, 1, 7, 2, 0, 1, 0, 0, 0, 3, 1, 0, 1, 1, 0, 0, 2, 10, 0, 2, 0, 3, 14, 0, 0, 0, 7, 0, 1, 0, 1, 0, 1, 2, 1, 2, 4, 0, 0, 1, 1, 0, 1, 0, 1, 1, 0, 0, 6, 0, 0, 0, 1, 0, 2, 1, 4, 3, 0, 0, 13, 0, 0, 1, 1, 0, 0, 17, 6, 0, 1, 1, 0, 1, 0, 1, 1, 0, 6, 0, 0, 0, 0, 1, 0, 2, 1, 0, 1, 1, 3, 8, 0, 1, 1, 0, 0, 3, 1, 0, 0, 1, 2, 0, 1, 0, 19, 1, 9, 0, 1, 0, 0, 2, 0, 9, 7, 7, 0, 0, 2, 1, 3, 0, 0, 0, 0, 0, 1, 0, 0, 3, 6, 0, 0, 1, 0, 2, 0, 2, 2, 15, 2, 1, 0, 0, 1, 0, 5, 3, 0, 2, 8, 0, 0, 3, 0, 0, 2, 3, 1, 4, 1, 0, 1, 1, 7, 0, 0, 1, 1, 1, 1, 1, 0, 0, 13, 0, 0, 1, 1, 1, 0, 0, 0, 1, 6, 0, 6, 0, 0, 0, 0, 0, 3, 1, 17, 5, 0, 0, 2, 2, 2, 0, 0, 1, 1, 3, 12, 3, 3, 0, 1, 2, 0, 0, 0, 0, 1, 0, 0, 23, 3, 0, 1, 1, 0, 4, 5, 0, 0, 0, 4, 1, 0, 1, 0, 0, 0, 0, 4, 3, 1, 0, 0, 0, 2, 0, 0, 3, 2, 0, 2, 0, 0, 2, 1, 2, 0, 4, 0, 0, 7, 1, 0, 1, 0, 0, 1, 1, 2, 0, 0, 1, 2, 1, 0, 0, 0, 0, 1, 2, 0, 2, 1, 0, 0, 1, 2, 0, 7, 2, 1, 0, 0, 1, 3, 9, 0, 0, 1, 0, 0, 3, 1, 4, 2, 0, 0, 2, 3, 0, 0, 1, 0, 1, 0, 0, 8, 1, 0, 0, 0, 2, 0, 11, 4, 1, 0, 1, 1, 5, 0, 0, 1, 0, 6, 1, 3, 5, 14, 0, 1, 10, 0, 1, 10, 1, 0, 14, 0, 0, 1, 0, 1, 2, 0, 0, 1, 1, 0, 0, 2, 6, 6, 0, 1, 0, 0, 5, 1, 4, 0, 2, 3, 0, 0, 1, 4, 2, 0, 8, 0, 5, 1, 3, 0, 2, 4, 1, 4, 0, 0, 0, 3, 6, 1, 0, 0, 6, 0, 0, 3, 1, 0, 0, 0, 0, 1, 0, 1, 1, 0, 5, 2, 7, 0, 2, 0, 3, 14, 2, 0, 4, 1, 1, 0, 11, 0, 4, 0, 0, 0, 0, 0, 5, 0, 1, 0, 1, 0, 4, 2, 1, 5, 0, 1, 1, 7, 1, 20, 10, 1, 1, 2, 0, 9, 0, 0, 0, 3, 0, 2, 5, 0, 0, 0, 3, 0, 0, 0, 0, 1, 0, 0, 6, 1, 0, 0, 2, 1, 0, 0, 6, 1, 2, 8, 6, 0, 2, 0, 4, 1, 0, 0, 1, 0, 0, 0, 0, 0, 6, 7, 0, 1, 2, 1, 1, 1, 0, 1, 0, 14, 1, 0, 3, 0, 6, 1, 0, 0, 6, 1, 2, 1, 3, 0, 0, 0, 11, 0, 0, 0, 1, 4, 1, 1, 0, 1, 0, 3, 3, 11, 0, 0, 0, 0, 1, 8, 1, 1, 2, 3, 1, 0, 10, 3, 0, 11, 1, 1, 0, 16, 0, 0, 1, 0, 0, 0, 1, 7, 0, 1, 7, 0, 1, 3, 0, 2, 22, 0, 2, 0, 0, 8, 0, 5, 2, 1, 2, 15, 1, 1, 0, 0, 0, 0, 0, 2, 0, 2, 1, 2, 0, 3, 5, 0, 0, 1, 0, 2, 0, 0, 0, 1, 1, 35, 0, 0, 1, 5, 2, 0, 0, 0, 3, 0, 0, 2, 2, 0, 1, 8, 3, 1, 0, 3, 3, 0, 0, 0, 5, 30, 1, 1, 0, 0, 4, 0, 0, 3, 10, 1, 1, 0, 1, 0, 3, 0, 1, 0, 2, 2, 0, 0, 0, 8, 0, 2, 1, 1, 7, 0, 0, 0, 0, 0, 0, 4, 1, 0, 1, 0, 1, 1, 0, 3, 0, 2, 4, 1, 1, 0, 3, 0, 0, 0, 3, 1, 0, 0, 2, 3, 5, 0, 11, 0, 3, 5, 1, 0, 0, 0, 2, 3, 0, 0, 4, 1, 1, 1, 1, 0, 0, 1, 0, 2, 0, 0, 0, 2, 3, 6, 1, 3, 0, 4, 4, 11, 0, 0, 2, 13, 2, 0, 0, 2, 2, 0, 1, 5, 0, 3, 0, 2, 0, 2, 9, 0, 2, 0, 8, 1, 1, 0, 1, 0, 2, 2, 0, 0, 1, 2, 1, 1, 3, 3, 2, 1, 10, 0, 0, 0, 5, 2, 0, 0, 4, 7, 0, 0, 2, 1, 0, 0, 0, 1, 0, 0, 1, 1, 4, 4, 1, 2, 2, 0, 3, 0, 1, 0, 0, 1, 0, 2, 1, 1, 7, 1, 0, 0, 1, 0, 0, 1, 0, 0, 2, 0, 3, 0, 1, 0, 0, 8, 0, 0, 2, 0, 1, 3, 0, 0, 2, 0, 5, 0, 1, 0, 0, 1, 1, 10, 0, 2, 2, 0, 1, 0, 0, 1, 1, 0, 0, 1, 21, 3, 1, 9, 1, 2, 2, 0, 0, 0, 0, 0, 1, 0, 1, 1, 0, 0, 9, 0, 2, 5, 1, 0, 7, 23, 0, 2, 1, 2, 5, 8, 0, 0, 0, 1, 3, 4, 0, 2, 1, 0, 0, 19, 1, 0, 0, 0, 0, 0, 4, 3, 3, 1, 0, 3, 2, 0, 4, 0, 0, 0, 10, 0, 0, 8, 4, 0, 1, 2, 0, 0, 0, 2, 1, 7, 0, 0, 1, 0, 3, 2, 1, 1, 1, 0, 0, 0, 1, 0, 0, 1, 25, 0, 4, 0, 9, 0, 0, 1, 1, 0, 0, 1, 0, 0, 0, 4, 0, 6, 0, 0, 0, 0, 0, 3, 0, 0, 1, 0, 1, 0, 0, 2, 0, 0, 2, 2, 0, 0, 3, 3, 0, 0, 0, 0, 3, 2, 0, 5, 0, 18, 4, 2, 0, 2, 0, 0, 1, 5, 1, 0, 4, 0, 0, 0, 0, 1, 1, 1, 0, 6, 0, 3, 0, 0, 1, 3, 0, 0, 2, 1, 2, 0, 0, 0, 0, 1, 4, 0, 1, 0, 6, 0, 8, 0, 3, 2, 5, 0, 1, 0, 11, 16, 0, 1, 0, 2, 0, 0, 0, 0, 0, 1, 1, 0, 7, 0, 3, 0, 0, 0, 4, 3, 4, 0, 2, 0, 0, 1, 0, 1, 0, 2, 1, 0, 0, 2, 0, 0, 2, 0, 6, 0, 9, 1, 0, 2, 0, 3, 0, 0, 1, 0, 3, 0, 1, 1, 0, 0, 0, 0, 1, 9, 1, 18, 1, 0, 0, 3, 4, 0, 0, 4, 0, 0, 1, 1, 1, 0, 1, 0, 3, 0, 6, 0, 4, 1, 0, 0, 0, 0, 0, 0, 7, 1, 0, 0, 0, 11, 0, 1, 0, 4, 0, 0, 0, 0, 0, 1, 0, 0, 1, 1, 12, 0, 0, 0, 0, 1, 0, 2, 1, 4, 0, 5, 0, 3, 1, 1, 0, 0, 10, 3, 0, 5, 1, 3, 6, 0, 0, 0, 1, 4, 3, 2, 0, 1, 0, 1, 2, 0, 0, 4, 1, 1, 1, 2, 1, 6, 4, 14, 20, 5, 0, 2, 2, 4, 0, 0, 0, 2, 8, 10, 0, 0, 0, 2, 0, 2, 0, 0, 42, 10, 2, 0, 0, 0, 6, 2, 1, 0, 1, 1, 0, 0, 1, 0, 1, 4, 0, 5, 0, 0, 1, 1, 1, 17, 0, 2, 1, 0, 1, 0, 1, 0, 0, 1, 4, 0, 4, 1, 1, 1, 2, 9, 7, 0, 0, 1, 1, 14, 0, 0, 3, 0, 0, 1, 0, 1, 0, 0, 8, 1, 9, 0, 5, 2, 1, 2, 1, 0, 3, 0, 0, 2, 2, 2, 1, 0, 0, 2, 0, 0, 4, 0, 2, 0, 0, 1, 5, 32, 0, 0, 0, 1, 1, 15, 1, 1, 2, 10, 1, 17, 4, 0, 4, 0, 1, 1, 0, 24, 6, 1, 0, 3, 0, 4, 10, 0, 0, 0, 9, 0, 6, 0, 0, 0, 1], [1, 0, 0, 3, 4, 0, 0, 1, 3, 1, 0, 0, 3, 20, 4, 7, 1, 12, 0, 3, 42, 0, 3, 1, 0, 0, 1, 0, 1, 1, 0, 1, 0, 1, 5, 0, 2, 1, 3, 0, 0, 0, 2, 0, 0, 1, 1, 1, 6, 5, 7, 0, 1, 3, 1, 0, 5, 1, 6, 0, 0, 0, 7, 1, 2, 5, 0, 0, 10, 0, 0, 0, 0, 1, 2, 0, 0, 0, 0, 1, 0, 0, 0, 1, 0, 0, 0, 7, 3, 0, 1, 2, 0, 15, 1, 5, 2, 0, 0, 33, 0, 0, 0, 9, 0, 0, 12, 0, 0, 0, 0, 2, 0, 0, 0, 26, 0, 1, 2, 7, 3, 0, 12, 0, 3, 3, 0, 0, 1, 11, 12, 1, 6, 1, 0, 3, 0, 2, 2, 0, 5, 0, 10, 1, 0, 0, 1, 0, 10, 0, 1, 1, 0, 1, 2, 4, 0, 0, 0, 1, 0, 17, 0, 2, 4, 1, 1, 0, 1, 2, 2, 58, 0, 9, 0, 1, 0, 1, 12, 9, 0, 0, 4, 1, 1, 6, 4, 7, 0, 1, 0, 2, 2, 0, 2, 5, 7, 4, 1, 1, 0, 9, 5, 0, 0, 1, 1, 4, 0, 2, 0, 0, 3, 0, 3, 15, 0, 0, 0, 1, 0, 1, 0, 3, 4, 0, 1, 3, 2, 2, 1, 0, 1, 0, 1, 0, 1, 1, 5, 1, 0, 0, 1, 6, 2, 0, 8, 0, 2, 1, 0, 3, 0, 13, 0, 0, 1, 2, 0, 3, 1, 0, 0, 15, 4, 3, 5, 3, 0, 1, 3, 7, 22, 2, 0, 0, 3, 4, 1, 2, 2, 1, 0, 9, 0, 2, 1, 1, 6, 1, 1, 0, 3, 0, 3, 0, 0, 2, 5, 1, 2, 0, 1, 0, 1, 3, 2, 0, 1, 0, 0, 1, 0, 0, 2, 5, 1, 15, 3, 1, 0, 2, 2, 1, 6, 0, 0, 0, 1, 0, 0, 0, 2, 0, 0, 7, 11, 0, 1, 0, 2, 0, 0, 0, 0, 1, 9, 3, 2, 0, 0, 1, 1, 1, 0, 3, 7, 0, 3, 0, 2, 0, 2, 3, 15, 4, 2, 7, 12, 0, 0, 16, 2, 12, 1, 1, 1, 1, 9, 0, 0, 0, 0, 0, 8, 0, 13, 0, 2, 0, 1, 1, 0, 6, 2, 0, 0, 0, 2, 0, 0, 0, 6, 2, 5, 6, 0, 1, 4, 0, 10, 5, 19, 2, 1, 0, 1, 9, 4, 0, 1, 1, 4, 1, 0, 4, 0, 11, 0, 2, 0, 12, 0, 0, 6, 2, 0, 1, 0, 1, 0, 1, 2, 1, 5, 20, 17, 0, 9, 0, 1, 5, 8, 0, 0, 0, 0, 0, 0, 1, 33, 12, 1, 0, 1, 2, 2, 0, 5, 1, 4, 18, 7, 2, 0, 6, 0, 0, 0, 1, 3, 0, 1, 0, 0, 0, 0, 0, 4, 1, 1, 0, 2, 1, 0, 0, 0, 1, 0, 