{"r0_1": [[-1.0, -1.0, -1.0, -1.0, -1.0, -1.0, -1.0, -1.0, -1.0, -1.0, -1.0, -1.0, 0.2, -1.0, -1.0, 0.2, -1.0, 0.3, -1.0, 0.4, -1.0, -1.0, -1.0, 0.2, -1.0, -1.0, -1.0, -1.0, -1.0, -1.0, 0.1, -1.0, -1.0, -1.0, -1.0, 0.5, -1.0, -1.0, -1.0, -1.0, 0.2, -1.0, -1.0, -1.0, -1.0, -1.0, -1.0, -1.0], [-1.0, 0.2, 0.5, -1.0, 0.8, -1.0, 0.3, 0.3, -1.0, -1.0, 0.8, -1.0, 0.5, 0.9, 0.7, 0.9, -1.0, -1.0, -1.0, 0.8, -1.0, 0.4, 0.2, -1.0, 0.5, -1.0, -1.0, 0.3, 1.2, 0.4, -1.0, -1.0, 0.5, -1.0, -1.0, -1.0, -1.0, -1.0, -1.0, 0.3, 0.3, 0.2, 0.7, 0.3, 0.5, 0.2, -1.0, 0.6], [0.9, 0.4, 0.7, 0.4, 0.8, 0.5, 0.5, 0.3, 0.5, 0.5, 0.5, 0.5, 0.6, 0.3, 0.8, 0.3, 0.5, 0.5, 0.4, 0.3, 0.5, 0.9, 1.0, 0.6, -1.0, 0.4, 1.0, 1.1, 0.3, 1.0, 0.3, 0.4, 1.0, 0.6, 0.4, -1.0, 0.4, -1.0, 0.6, 0.7, 1.1, 1.2, 0.6, -1.0, -1.0, -1.0, 0.4, 0.3], [1.1, 0.9, 1.0, -1.0, 0.6, -1.0, 1.4, 0.8, 1.2, 0.8, 1.2, 0.4, -1.0, 0.8, 0.7, 0.6, 0.8, 0.6, 0.6, 0.2, 1.4, 0.5, 0.6, 0.6, 0.5, 0.6, 1.2, 0.6, -1.0, 1.2, 0.3, -1.0, 0.8, 0.7, 0.6, 0.8, 1.2, 0.7, 0.4, 0.7, -1.0, 1.1, 0.8, 0.1, 0.4, 1.0, 0.3, 0.8], [0.7, 0.6, 0.6, 0.9, 0.6, 0.3, 0.6, 0.3, 1.0, 0.5, 0.8, 1.1, 1.0, 0.9, 0.8, 1.0, 0.9, 1.1, 0.7, -1.0, 0.5, 0.9, 0.9, 0.4, 0.6, 1.7, 0.7, 1.6, 0.8, 0.4, 2.2, 0.6, 0.7, 1.1, 1.0, 0.6, 1.0, 0.7, 0.7, 1.8, 0.7, 1.4, 0.6, 1.4, 1.7, 1.1, 0.5, 0.7], [1.6, 0.5, 0.7, 0.6, 1.6, 0.9, 1.5, 1.5, 1.2, 1.3, 0.8, 0.9, 1.6, 1.1, 1.1, 1.0, 0.8, 1.6, 0.2, 1.2, 1.1, 1.2, 0.8, 1.0, 0.8, 0.9, 1.0, 0.9, 0.2, 0.6, 0.5, 0.6, 1.3, 0.9, 1.0, 1.2, 1.3, -1.0, 1.1, 2.1, -1.0, 1.3, 0.8, 0.8, 0.9, 1.0, 0.9, 1.1], [1.5, 1.1, 1.3, 1.0, 0.9, 0.9, 0.5, 1.8, 0.6, 0.6, 1.7, 1.2, 1.5, 0.5, 1.9, 1.3, 2.1, 1.3, 1.1, 0.7, 1.5, 0.8, 1.2, 0.6, 1.0, 0.7, 1.0, 1.0, 1.4, 0.9, 0.9, 0.4, 1.2, 2.0, 1.1, 2.5, 1.0, 1.1, 0.8, 0.6, 1.6, 1.3, 1.1, 1.0, 0.7, 0.9, 1.6, 1.5], [1.0, 2.6, 0.6, 0.8, 1.2, 1.7, 0.9, 1.1, 0.9, 1.9, 1.0, -1.0, 1.9, 1.7, 1.9, 0.6, 2.0, 2.3, 1.8, 1.1, 1.0, 0.9, 2.3, 1.6, 1.3, 1.7, 1.3, 1.7, 1.2, 1.5, 1.6, 0.7, 0.4, 0.5, 1.4, 1.9, 0.8, 1.4, 1.7, 1.5, 0.6, 1.0, 1.2, 1.9, 1.3, 1.2, 0.9, 0.6], [2.3, 0.9, 2.1, 1.2, 1.4, 1.7, 1.6, 1.0, 2.1, 2.3, 2.4, 3.1, 1.8, 0.9, 1.0, 1.9, 1.3, 2.6, 0.9, 0.6, 2.0, 0.7, 2.0, 1.8, 1.8, 0.7, 1.7, 1.8, 1.6, 1.2, 1.9, 1.7, 0.6, 0.7, 1.1, 1.0, 0.9, 1.1, 1.6, 1.3, 2.6, 2.7, 1.9, 1.5, 0.8, 1.3, 0.9, 0.6]], "r0_23": [[-1.0, -1.0, -1.0, -1.0, -1.0, -1.0, -1.0, -1.0, -1.0, -1.0, -1.0, -1.0, 0.3333333333333333, -1.0, -1.0, 0.5, -1.0, 0.5, -1.0, 0.2, -1.0, -1.0, -1.0, 0.3333333333333333, -1.0, -1.0, -1.0, -1.0, -1.0, -1.0, 0.5, -1.0, -1.0, -1.0, -1.0, 0.16666666666666666, -1.0, -1.0, -1.0, -1.0, 0.3333333333333333, -1.0, -1.0, -1.0, -1.0, -1.0, -1.0, -1.0], [-1.0, 0.8, 0.625, -1.0, 0.5714285714285714, -1.0, 0.6666666666666666, 0.4, -1.0, -1.0, 0.5, -1.0, 0.3333333333333333, 0.38461538461538464, 0.7142857142857143, 0.4, -1.0, -1.0, -1.0, 0.4, -1.0, 0.2, 0.3333333333333333, -1.0, 0.6, -1.0, -1.0, 0.25, 0.07692307692307693, 0.4, -1.0, -1.0, 0.4444444444444444, -1.0, -1.0, -1.0, -1.0, -1.0, -1.0, 0.25, 0.25, 0.3333333333333333, 0.2222222222222222, 0.25, 0.16666666666666666, 0.3333333333333333, -1.0, 0.375], [0.1, 0.2, 0.3, 0.4, 0.6153846153846154, 0.2857142857142857, 0.2857142857142857, 0.5, 0.2857142857142857, 0.8888888888888888, 0.16666666666666666, 0.16666666666666666, 0.25, 0.5, 0.5714285714285714, 1.0, 0.375, 0.2857142857142857, 0.2, 0.25, 0.8181818181818182, 0.35714285714285715, 0.47058823529411764, 0.6, -1.0, 1.2, 0.3333333333333333, 0.47368421052631576, 0.25, 0.23076923076923078, 0.6, 0.625, 0.16666666666666666, 0.6363636363636364, 0.42857142857142855, -1.0, 0.5, -1.0, 0.9, 0.3, 0.08333333333333333, 0.3888888888888889, 0.375, -1.0, -1.0, -1.0, 0.5714285714285714, 1.25], [0.3333333333333333, 0.5, 0.625, -1.0, 0.7, -1.0, 0.5833333333333334, 0.75, 0.7368421052631579, 0.9333333333333333, 0.5294117647058824, 0.3333333333333333, -1.0, 0.5, 0.6875, 0.6153846153846154, 0.45454545454545453, 0.5555555555555556, 0.5555555555555556, 0.3333333333333333, 0.7142857142857143, 0.625, 0.4, 1.1111111111111112, 1.0, 0.2857142857142857, 0.6875, 0.6666666666666666, -1.0, 0.8333333333333334, 0.4, -1.0, 1.0769230769230769, 0.45454545454545453, 0.75, 0.9166666666666666, 0.6666666666666666, 0.36363636363636365, 1.0, 0.3333333333333333, -1.0, 0.16666666666666666, 0.3, 0.5, 0.5555555555555556, 0.5294117647058824, 0.8, 0.5], [0.8333333333333334, 1.25, 0.3333333333333333, 0.5454545454545454, 1.0769230769230769, 0.25, 1.25, 1.1666666666666667, 0.6842105263157895, 0.5714285714285714, 1.0, 0.5789473684210527, 0.5333333333333333, 0.5333333333333333, 1.0, 0.85, 1.0, 0.5294117647058824, 1.125, -1.0, 0.6, 1.0909090909090908, 1.2272727272727273, 1.5714285714285714, 1.0, 1.1794871794871795, 0.4, 0.9411764705882353, 0.5454545454545454, 0.875, 0.8695652173913043, 0.8666666666666667, 1.1875, 0.6470588235294118, 0.6923076923076923, 1.7142857142857142, 0.9, 0.7777777777777778, 0.125, 0.7741935483870968, 0.7333333333333333, 0.6521739130434783, 0.8333333333333334, 0.64, 0.9142857142857143, 0.625, 0.5714285714285714, 0.3], [1.3243243243243243, 0.16666666666666666, 0.4166666666666667, 1.2352941176470589, 1.088235294117647, 1.1428571428571428, 1.2, 0.8461538461538461, 1.0303030303030303, 1.125, 0.1111111111111111, 0.85, 1.0769230769230769, 1.0, 0.6875, 1.3043478260869565, 0.5384615384615384, 0.9705882352941176, 2.0, 0.7391304347826086, 1.16, 0.84, 1.05, 0.42857142857142855, 0.3, 1.1904761904761905, 0.6666666666666666, 1.0769230769230769, 1.25, 0.8, 0.7272727272727273, 1.75, 0.6818181818181818, 0.8421052631578947, 0.7857142857142857, 0.5, 0.5555555555555556, -1.0, 1.1851851851851851, 1.0238095238095237, -1.0, 1.1071428571428572, 0.2, 0.8888888888888888, 0.5714285714285714, 1.4, 0.8, 0.9130434782608695], [0.9655172413793104, 1.0740740740740742, 1.1333333333333333, 0.7142857142857143, 1.2777777777777777, 0.5384615384615384, 0.16666666666666666, 1.2222222222222223, 1.0769230769230769, 1.0, 1.0277777777777777, 1.16, 0.8387096774193549, 1.2727272727272727, 0.8372093023255814, 0.631578947368421, 1.0256410256410255, 1.3225806451612903, 1.2272727272727273, 0.6, 1.088235294117647, 1.2, 0.9565217391304348, 1.2352941176470589, 0.5555555555555556, 0.75, 0.8125, 1.0, 1.1944444444444444, 0.8, 1.5238095238095237, 0.3333333333333333, 0.96, 0.8235294117647058, 0.75, 1.2241379310344827, 0.42857142857142855, 1.15, 0.6428571428571429, 0.7272727272727273, 0.9642857142857143, 1.0, 1.2857142857142858, 1.0909090909090908, 1.0666666666666667, 0.7647058823529411, 0.972972972972973, 0.7931034482758621], [1.1111111111111112, 0.9230769230769231, 0.7692307692307693, 0.42857142857142855, 1.0909090909090908, 1.25, 1.0555555555555556, 1.0, 1.1111111111111112, 1.5423728813559323, 1.6, -1.0, 1.3725490196078431, 1.25, 0.7647058823529411, 1.1, 1.2127659574468086, 1.1063829787234043, 1.075, 0.8695652173913043, 0.8947368421052632, 1.0, 1.1020408163265305, 1.121212121212121, 1.303030303030303, 1.0263157894736843, 0.9090909090909091, 0.6206896551724138, 0.9090909090909091, 1.2352941176470589, 1.0232558139534884, 0.9166666666666666, 0.75, 1.125, 1.21875, 1.375, 1.1333333333333333, 1.1666666666666667, 1.558139534883721, 1.2666666666666666, 1.1, 1.2, 1.2592592592592593, 0.34615384615384615, 1.0357142857142858, 1.16, 1.625, 0.6363636363636364], [1.22, 1.8571428571428572, 1.1454545454545455, 1.173913043478261, 1.0625, 1.4848484848484849, 1.162162162162162, 0.9411764705882353, 1.0789473684210527, 1.509090909090909, 1.1754385964912282, 1.3194444444444444, 0.7096774193548387, 1.2380952380952381, 1.9642857142857142, 0.9736842105263158, 1.0666666666666667, 1.2567567567567568, 1.4615384615384615, 0.6363636363636364, 1.2272727272727273, 0.8666666666666667, 1.5964912280701755, 1.5833333333333333, 1.75, 0.9230769230769231, 1.441860465116279, 1.4130434782608696, 1.1714285714285715, 1.2, 1.1, 1.2666666666666666, 1.5384615384615385, 1.3181818181818181, 0.7647058823529411, 1.0, 0.75, 1.0, 1.1142857142857143, 1.5, 1.5405405405405406, 1.163265306122449, 1.5625, 1.2857142857142858, 1.2941176470588236, 1.5526315789473684, 