{"r0_1": [[-1.0, -1.0, -1.0, -1.0, -1.0, 0.3, 0.2, 0.5, -1.0, -1.0, -1.0, -1.0, -1.0, 0.3, -1.0, 0.4, 0.1, 0.5, -1.0, 0.3, -1.0, -1.0, 0.3, -1.0, -1.0, -1.0, -1.0, 0.2, -1.0, -1.0, 0.2, 0.3, 0.5, -1.0, -1.0, -1.0, -1.0, 0.1, -1.0, 0.8, 0.3, -1.0, -1.0, 0.4, 0.4, -1.0, -1.0, -1.0], [0.5, 0.4, -1.0, 0.4, 0.2, -1.0, 0.8, -1.0, 0.3, 0.2, 0.8, -1.0, 0.6, -1.0, 0.4, 0.5, 0.5, -1.0, 0.7, 0.5, -1.0, 0.7, 0.4, 0.3, 0.3, 0.3, 0.2, 0.2, 0.5, -1.0, 0.2, 0.1, 0.8, 0.4, -1.0, 0.6, 0.8, 0.7, 0.5, 0.7, 0.1, -1.0, 0.6, 0.4, 0.4, 0.8, 0.8, 0.5], [0.5, 0.6, 1.0, 1.1, 0.7, 0.8, 0.7, 0.9, 0.6, 0.8, 0.8, 1.5, 0.7, 0.8, 1.3, 0.8, 0.6, 0.5, 0.8, 1.0, -1.0, 0.4, 0.7, -1.0, 0.5, 0.7, 0.4, 0.5, 0.9, 0.8, 0.3, 1.1, 0.5, 0.7, 0.7, 0.4, 0.5, 0.5, 0.8, 0.8, 0.6, 0.3, 0.3, 0.8, 0.1, 1.0, 0.3, 0.2], [-1.0, 0.8, 0.1, 1.0, -1.0, 0.9, 1.1, 1.0, 0.9, 0.7, 0.6, 0.7, 1.2, 0.5, 0.2, 0.6, 0.6, 1.3, 0.8, 1.5, 1.3, 0.8, 0.6, 0.9, 1.2, 0.9, 0.5, 1.4, -1.0, 1.0, 1.6, 1.7, 1.5, 0.6, 0.8, 1.6, -1.0, 0.6, 1.1, 0.8, 0.7, 1.2, 0.9, 0.8, 1.2, 0.9, 1.8, 0.8], [1.2, 0.6, 0.7, 0.9, 0.4, 0.9, 1.0, 0.9, 1.0, 0.4, 1.5, 1.2, 0.6, 1.0, 1.3, 0.5, 1.4, 1.4, 0.8, 1.3, 0.6, 0.7, 1.6, 3.0, 1.0, 0.5, 1.5, 1.8, 1.0, 0.3, 0.5, 0.6, 2.3, 0.8, 1.5, 0.6, 1.1, 1.3, 1.5, 1.4, 1.1, 0.8, 1.2, 0.8, 0.8, 1.1, 1.1, 1.3], [0.8, 0.8, 2.0, 1.2, 0.9, 1.6, 0.7, 0.7, 1.2, 0.9, 0.7, 1.4, 1.4, 0.7, 1.0, 1.1, 0.7, 0.4, 0.9, 2.2, 0.4, 0.6, 1.5, 0.9, 1.6, 1.8, 1.4, 2.4, 1.6, 0.9, 1.2, 1.5, 1.2, 1.2, 1.0, 0.8, 2.0, 1.4, 1.5, 1.2, 1.1, 1.1, 1.4, 1.9, 1.1, 0.7, 0.8, 0.8], [1.9, 2.1, 1.5, 1.1, 1.7, 0.6, 1.6, 2.2, 1.3, 2.0, 1.9, 2.0, 1.0, 1.2, 0.4, 1.7, 2.2, 1.2, 1.6, 0.8, 1.5, 1.8, 2.2, 1.3, 1.2, 1.6, 1.4, 1.8, 2.0, 1.9, 0.5, 2.4, 1.0, 1.8, 1.1, 2.9, 1.7, 1.6, 1.5, 1.9, 1.0, 1.4, 1.3, 1.0, 1.6, 1.2, 1.1, 1.7], [1.8, 1.8, 1.6, 1.0, 2.0, 1.0, 2.2, 1.6, 0.7, 1.7, 0.9, 1.2, 2.1, 1.6, 1.5, 1.3, 1.4, 1.4, 1.3, 1.3, 1.7, 1.0, 0.8, 1.5, 1.5, 2.9, 1.7, 1.9, 0.6, 1.5, 0.7, 2.0, 1.5, 3.0, 1.3, 1.0, 1.2, 0.6, 1.1, 1.8, 1.7, 1.1, 1.3, 1.7, 1.2, 1.5, 1.3, 1.7], [0.8, 2.4, 1.8, 1.6, 2.3, 1.0, 1.4, 2.0, 0.8, 1.3, 1.3, 2.7, 2.7, 3.0, 1.0, 2.4, 1.2, 1.3, 1.6, 1.4, 2.2, 1.0, 2.0, 1.6, 2.4, 2.6, 1.3, 1.6, 1.3, 2.1, 1.2, 1.1, 1.6, 1.3, 1.4, 1.6, 1.9, 1.1, 1.4, 1.6, 3.0, 1.6, 1.7, 1.6, 1.4, 1.6, 3.0, 1.3]], "r0_23": [[-1.0, -1.0, -1.0, -1.0, -1.0, 0.25, 0.3333333333333333, 0.16666666666666666, -1.0, -1.0, -1.0, -1.0, -1.0, 0.25, -1.0, 0.2, 0.5, 0.375, -1.0, 0.25, -1.0, -1.0, 0.25, -1.0, -1.0, -1.0, -1.0, 0.6, -1.0, -1.0, 0.5, 0.25, 0.3333333333333333, -1.0, -1.0, -1.0, -1.0, 0.5, -1.0, 0.4166666666666667, 0.25, -1.0, -1.0, 0.6666666666666666, 0.2, -1.0, -1.0, -1.0], [0.625, 1.0, -1.0, 0.2, 0.3333333333333333, -1.0, 0.8421052631578947, -1.0, 0.25, 0.3333333333333333, 0.5833333333333334, -1.0, 0.5, -1.0, 0.42857142857142855, 0.75, 0.5, -1.0, 0.3, 0.375, -1.0, 0.875, 0.8333333333333334, 0.6666666666666666, 1.0, 0.4, 0.3333333333333333, 0.3333333333333333, 0.9090909090909091, -1.0, 0.3333333333333333, 1.5, 0.2222222222222222, 0.6, -1.0, 0.42857142857142855, 0.3, 0.2222222222222222, 1.375, 0.125, 0.6666666666666666, -1.0, 0.625, 0.5714285714285714, 0.5, 0.2, 0.38461538461538464, 0.375], [0.7, 0.4, 1.2173913043478262, 0.8571428571428571, 0.8823529411764706, 0.5384615384615384, 0.7, 0.6, 1.3157894736842106, 0.36363636363636365, 0.6923076923076923, 0.7083333333333334, 0.6, 0.5, 0.47058823529411764, 0.7333333333333333, 1.0, 0.5, 1.4, 0.09090909090909091, -1.0, 0.6, 0.6666666666666666, -1.0, 0.16666666666666666, 0.6, 0.8, 0.6, 0.7142857142857143, 0.36363636363636365, 0.4, 0.9583333333333334, 0.16666666666666666, 0.375, 0.2222222222222222, 0.5555555555555556, 0.6666666666666666, 0.5555555555555556, 0.36363636363636365, 0.8333333333333334, 0.7777777777777778, 0.5, 0.6666666666666666, 0.6923076923076923, 0.5, 0.5625, 0.75, 0.3333333333333333], [-1.0, 0.36363636363636365, 0.5, 1.0, -1.0, 0.8, 0.5882352941176471, 0.8947368421052632, 0.18181818181818182, 0.6666666666666666, 0.6, 0.4444444444444444, 0.6, 0.7272727272727273, 1.0, 0.14285714285714285, 0.9, 0.875, 0.8125, 0.5862068965517241, 0.25, 0.6923076923076923, 1.2307692307692308, 0.5714285714285714, 0.47058823529411764, 0.7142857142857143, 1.7142857142857142, 1.1851851851851851, -1.0, 1.0, 0.9696969696969697, 0.7241379310344828, 0.56, 0.14285714285714285, 0.7857142857142857, 0.9534883720930233, -1.0, 0.5454545454545454, 0.9130434782608695, 0.7142857142857143, 0.36363636363636365, 1.1818181818181819, 0.9, 0.7058823529411765, 0.7777777777777778, 1.0869565217391304, 0.4827586206896552, 0.6875], [0.75, 1.1111111111111112, 0.7272727272727273, 0.75, 1.4, 0.8421052631578947, 0.8947368421052632, 1.0666666666666667, 1.3043478260869565, 1.0, 1.0714285714285714, 0.9545454545454546, 1.0714285714285714, 0.4375, 1.1428571428571428, 1.1333333333333333, 0.6666666666666666, 1.04, 1.0, 1.0, 0.625, 0.4444444444444444, 0.8620689655172413, 0.9491525423728814, 1.05, 1.125, 0.8, 0.9696969696969697, 0.8125, 0.25, 1.6, 1.4444444444444444, 0.9183673469387755, 1.0588235294117647, 1.125, 1.0666666666666667, 0.5882352941176471, 0.9032258064516129, 1.4482758620689655, 0.9642857142857143, 0.7894736842105263, 0.7142857142857143, 0.9230769230769231, 1.173913043478261, 1.3333333333333333, 1.2083333333333333, 1.0909090909090908, 0.6190476190476191], [0.2222222222222222, 1.1428571428571428, 1.528301886792453, 0.8928571428571429, 1.368421052631579, 1.2307692307692308, 0.6153846153846154, 0.6923076923076923, 1.1363636363636365, 0.8666666666666667, 1.0555555555555556, 1.088235294117647, 1.457142857142857, 1.5555555555555556, 1.56, 0.7058823529411765, 1.2, 1.1428571428571428, 0.7857142857142857, 1.2142857142857142, 1.3076923076923077, 0.8571428571428571, 1.4736842105263157, 0.7142857142857143, 1.4878048780487805, 1.425531914893617, 1.4324324324324325, 1.0476190476190477, 1.725, 0.9411764705882353, 0.7391304347826086, 0.8846153846153846, 1.2333333333333334, 0.9166666666666666, 0.8235294117647058, 0.9545454545454546, 0.972972972972973, 0.8888888888888888, 0.8387096774193549, 1.1666666666666667, 1.4090909090909092, 1.0416666666666667, 1.1578947368421053, 0.8387096774193549, 0.7894736842105263, 0.8823529411764706, 0.5, 1.5555555555555556], [1.0, 1.2857142857142858, 1.1428571428571428, 1.3043478260869565, 1.2105263157894737, 1.2352941176470589, 0.7307692307692307, 1.6603773584905661, 1.121212121212121, 1.4444444444444444, 1.4666666666666666, 1.3518518518518519, 1.5833333333333333, 1.2692307692307692, 1.2857142857142858, 1.5294117647058822, 1.0625, 1.4838709677419355, 1.3773584905660377, 1.894736842105263, 1.2790697674418605, 1.0465116279069768, 0.9333333333333333, 1.5357142857142858, 1.12, 1.121212121212121, 1.3448275862068966, 0.8235294117647058, 1.1666666666666667, 1.5526315789473684, 1.8333333333333333, 1.5797101449275361, 2.108108108108108, 1.2702702702702702, 1.6285714285714286, 1.5897435897435896, 1.608695652173913, 1.275, 1.25, 1.9074074074074074, 1.4545454545454546, 0.8260869565217391, 1.3888888888888888, 0.8125, 1.3636363636363635, 0.375, 1.2173913043478262, 1.5686274509803921], [1.0285714285714285, 1.2162162162162162, 1.1142857142857143, 0.8888888888888888, 2.0185185185185186, 1.0, 0.725, 1.064516129032258, 1.3333333333333333, 1.5128205128205128, 1.0, 1.36, 1.2592592592592593, 1.4666666666666666, 1.8636363636363635, 1.6, 0.92, 1.4411764705882353, 1.3666666666666667, 1.5483870967741935, 1.4791666666666667, 1.3636363636363635, 1.8, 1.6521739130434783, 1.9318181818181819, 1.4848484848484849, 1.75, 1.3333333333333333, 0.8333333333333334, 1.3428571428571427, 1.6666666666666667, 1.6888888888888889, 1.2285714285714286, 1.1578947368421053, 2.125, 1.36, 1.1612903225806452, 2.176470588235294, 1.4814814814814814, 1.1428571428571428, 1.0833333333333333, 2.125, 1.934782608695652, 1.4, 1.7586206896551724, 1.1666666666666667, 0.76, 1.1851851851851851], [1.4782608695652173, 1.5686274509803921, 1.6666666666666667, 1.46, 1.5263157894736843, 2.7, 1.5161290322580645, 1.68, 1.9090909090909092, 1.6578947368421053, 1.411764705882353, 1.5616438356164384, 1.6, 1.5555555555555556, 