{"r0_1": [[0.5, -1.0, -1.0, 0.7, -1.0, 0.4, 0.5, 0.3, 0.4, -1.0, -1.0, 0.2, -1.0, 0.7, -1.0, 0.6, -1.0, 0.4, -1.0, 0.5, 0.3, 0.6, -1.0, -1.0, -1.0, -1.0, 0.3, -1.0, -1.0, 0.4, -1.0, -1.0, -1.0, 0.3, -1.0, 0.5, -1.0, -1.0, -1.0, -1.0, -1.0, -1.0, -1.0, -1.0, 0.3, -1.0, 0.3, 0.1], [0.6, 0.7, 0.1, -1.0, 0.5, -1.0, 0.5, 1.0, 0.7, -1.0, 0.6, -1.0, 0.5, -1.0, 0.8, -1.0, 0.4, 0.7, -1.0, 1.0, 0.4, 0.3, 0.4, 0.2, -1.0, -1.0, 0.1, 0.3, -1.0, -1.0, 0.6, -1.0, -1.0, 0.5, 0.1, -1.0, 0.6, 0.4, 0.8, -1.0, 0.3, -1.0, 0.7, 0.7, -1.0, 1.0, -1.0, -1.0], [0.5, 1.5, 0.8, 0.4, 1.6, 0.3, 0.4, 0.5, -1.0, 0.5, 0.7, 0.8, 0.7, 0.8, 0.5, 0.7, 0.6, 0.8, 0.3, 1.3, 0.6, 0.8, 0.4, -1.0, 1.5, 0.4, -1.0, 0.3, 0.8, 0.5, 0.2, 0.5, 0.6, 0.1, 0.3, 0.5, 0.7, 0.6, -1.0, 0.3, 0.5, 0.6, 0.5, -1.0, -1.0, 0.4, -1.0, 0.9], [1.3, 1.0, 0.8, 1.3, 1.1, 0.4, 1.0, 0.9, 0.5, 0.4, 0.6, 0.4, 0.6, 0.6, 0.6, 1.4, 0.9, 0.7, 0.9, -1.0, -1.0, 1.6, 1.7, 0.3, 1.1, 0.6, 0.5, 1.8, 0.6, 1.1, 0.8, 0.7, -1.0, 0.8, 0.8, 1.1, 0.7, 0.8, 0.6, 0.8, 1.0, 0.7, 0.7, 0.6, 0.5, 0.6, 0.9, 0.1], [0.2, 1.1, 1.2, 0.6, 1.2, 0.5, 1.2, 0.7, 0.9, 1.7, 0.5, 0.8, 0.6, 1.0, 0.8, 0.7, 1.0, 1.2, 0.8, 1.5, 0.9, 1.2, 1.8, 0.6, 0.9, 1.6, 1.4, 0.6, 0.9, 0.5, 1.0, 1.4, 0.8, 1.2, 0.8, 1.4, 1.1, 1.8, 0.6, 0.3, 0.6, 0.5, 2.2, 1.1, 0.3, 1.1, 1.3, 0.8], [1.0, 0.4, 1.2, 1.0, 0.5, 0.7, 1.8, 0.8, 0.8, 1.3, 1.1, 1.0, 1.6, 1.2, 0.9, 1.0, 0.5, 2.0, 0.6, 0.8, 0.6, 1.0, 1.2, 1.2, 0.9, 0.7, 1.3, 1.6, 0.9, 0.8, 1.0, 0.6, 0.8, 1.6, 1.0, 1.2, 1.0, 0.4, 1.2, 1.2, 1.1, 0.8, 1.1, 1.5, 0.9, 1.5, 0.5, 0.8], [1.2, 1.1, 0.8, 1.2, 0.6, 1.4, 1.0, 1.5, 2.4, 0.7, 1.3, 1.1, 2.3, 0.8, 0.9, 1.5, 2.5, 1.3, 1.4, 1.8, 0.9, 1.2, 0.7, 1.2, 0.9, 1.2, 1.5, 0.9, 1.4, 1.1, 2.6, 1.0, 1.6, 0.7, 0.9, 1.3, 1.1, 2.5, 1.8, 1.3, 1.4, 1.2, 1.9, 1.4, 1.1, 0.2, 2.1, 1.0], [1.3, 1.7, 0.8, 1.8, 1.6, 2.5, 1.0, 1.6, 2.4, 1.1, 2.5, 2.4, 1.3, 1.5, 1.8, 1.8, 0.8, 1.1, 1.2, 1.7, 1.0, 1.0, 0.6, 1.4, 1.9, 1.0, 0.6, 1.8, 1.6, 1.6, 1.8, 1.1, 1.6, 1.3, 1.2, 1.1, 0.9, 1.9, 1.1, 1.6, 1.2, 1.8, 2.6, 1.7, 1.9, 1.9, 2.0, 0.7], [1.3, 1.3, 1.0, 2.1, 1.3, 0.6, 1.8, 2.2, 1.8, 1.1, 1.6, 1.4, 1.7, 3.1, 1.9, 2.1, 1.2, 2.2, 2.5, 1.5, 0.8, 1.0, 1.3, 2.0, 1.5, 1.7, 1.0, 1.6, 1.3, 2.1, 1.1, 2.1, 1.9, 0.8, 1.9, 1.0, 0.9, 1.8, 1.3, 1.8, 1.5, 1.4, 1.7, 0.9, 1.2, 1.0, 2.0, 2.1]], "r0_23": [[0.375, -1.0, -1.0, 0.4444444444444444, -1.0, 0.2, 0.2857142857142857, 0.5, 0.3333333333333333, -1.0, -1.0, 0.3333333333333333, -1.0, 0.125, -1.0, 0.14285714285714285, -1.0, 0.2, -1.0, 0.16666666666666666, 0.25, 0.25, -1.0, -1.0, -1.0, -1.0, 0.4, -1.0, -1.0, 0.2, -1.0, -1.0, -1.0, 0.5, -1.0, 0.16666666666666666, -1.0, -1.0, -1.0, -1.0, -1.0, -1.0, -1.0, -1.0, 0.6, -1.0, 0.4, 0.5], [0.5454545454545454, 0.2222222222222222, 0.5, -1.0, 0.16666666666666666, -1.0, 0.2857142857142857, 0.375, 0.8181818181818182, -1.0, 0.45454545454545453, -1.0, 0.6, -1.0, 0.45454545454545453, -1.0, 0.8571428571428571, 0.36363636363636365, -1.0, 0.5714285714285714, 0.3333333333333333, 0.75, 0.625, 1.0, -1.0, -1.0, 0.5, 1.3333333333333333, -1.0, -1.0, 0.375, -1.0, -1.0, 0.16666666666666666, 1.75, -1.0, 0.14285714285714285, 0.625, 0.4166666666666667, -1.0, 0.25, -1.0, 0.5384615384615384, 0.5, -1.0, 1.0, -1.0, -1.0], [1.0, 0.5454545454545454, 0.4166666666666667, 1.0, 0.43478260869565216, 1.3333333333333333, 0.4, 0.7, -1.0, 0.2857142857142857, 0.4444444444444444, 0.5, 0.4, 0.7272727272727273, 0.7142857142857143, 0.25, 1.1, 1.0869565217391304, 0.6, 0.3684210526315789, 0.3333333333333333, 0.1111111111111111, 0.6666666666666666, -1.0, 0.5263157894736842, 1.0, -1.0, 1.0, 0.2727272727272727, 0.6666666666666666, 0.9090909090909091, 0.75, 1.3, 0.5, 0.25, 0.8888888888888888, 0.125, 0.5555555555555556, -1.0, 1.0, 0.16666666666666666, 0.5555555555555556, 0.3333333333333333, -1.0, -1.0, 1.2222222222222223, -1.0, 0.625], [0.7727272727272727, 0.5333333333333333, 0.6428571428571429, 0.84375, 0.5714285714285714, 1.3636363636363635, 1.2608695652173914, 0.2727272727272727, 1.4166666666666667, 0.6666666666666666, 0.6153846153846154, 0.4, 1.0, 0.9285714285714286, 0.8333333333333334, 0.9565217391304348, 0.25, 0.5384615384615384, 0.5384615384615384, -1.0, -1.0, 0.6896551724137931, 0.8620689655172413, 0.4, 1.0555555555555556, 0.3333333333333333, 0.8333333333333334, 1.0571428571428572, 0.5454545454545454, 0.782608695652174, 0.6, 0.5, -1.0, 0.5714285714285714, 0.5384615384615384, 1.0, 1.0, 0.46153846153846156, 0.25, 1.0769230769230769, 1.0, 1.0, 0.7857142857142857, 0.4444444444444444, 1.0714285714285714, 0.2857142857142857, 0.4166666666666667, 0.75], [0.5, 1.0, 0.9130434782608695, 0.375, 0.631578947368421, 1.0, 0.8846153846153846, 1.0, 1.5789473684210527, 1.054054054054054, 0.7142857142857143, 0.6363636363636364, 1.3571428571428572, 1.0625, 0.5, 0.8571428571428571, 0.3076923076923077, 0.9565217391304348, 0.6666666666666666, 0.9615384615384616, 0.7894736842105263, 1.16, 0.7666666666666667, 0.75, 0.25, 0.7878787878787878, 1.0, 0.7777777777777778, 1.2352941176470589, 1.3333333333333333, 0.6470588235294118, 0.7083333333333334, 0.625, 0.8846153846153846, 1.368421052631579, 0.8461538461538461, 1.0909090909090908, 0.967741935483871, 1.4210526315789473, 1.0, 0.7777777777777778, 0.7142857142857143, 0.8235294117647058, 0.38461538461538464, 0.875, 1.1153846153846154, 1.088235294117647, 0.42857142857142855], [1.1111111111111112, 0.875, 1.5172413793103448, 0.7333333333333333, 0.625, 1.2307692307692308, 0.7714285714285715, 0.7692307692307693, 1.2, 1.2758620689655173, 1.6666666666666667, 0.6842105263157895, 1.2380952380952381, 1.1, 1.0, 1.0909090909090908, 1.5, 1.1, 0.6428571428571429, 1.15, 0.4, 0.9615384615384616, 0.9615384615384616, 1.48, 0.2727272727272727, 0.25, 0.64, 0.9, 1.15, 1.411764705882353, 0.8947368421052632, 0.8888888888888888, 1.0, 0.56, 1.5714285714285714, 0.9090909090909091, 0.9047619047619048, 0.7142857142857143, 0.5789473684210527, 0.5, 0.7727272727272727, 1.8125, 1.2173913043478262, 1.5, 0.8235294117647058, 1.1515151515151516, 0.8888888888888888, 0.8125], [0.47368421052631576, 1.1714285714285715, 1.8095238095238095, 0.4444444444444444, 1.5, 1.59375, 0.7647058823529411, 0.72, 1.1914893617021276, 0.7272727272727273, 0.9259259259259259, 0.9090909090909091, 1.5303030303030303, 0.9090909090909091, 1.736842105263158, 1.1515151515151516, 1.1551724137931034, 1.5333333333333334, 1.3823529411764706, 1.0810810810810811, 0.6923076923076923, 1.7391304347826086, 1.0, 1.0434782608695652, 1.619047619047619, 1.1153846153846154, 1.5172413793103448, 0.6875, 1.7105263157894737, 0.7647058823529411, 1.45, 0.4117647058823529, 1.5319148936170213, 1.5555555555555556, 2.1153846153846154, 1.3243243243243243, 0.9545454545454546, 1.196078431372549, 0.967741935483871, 1.0769230769230769, 0.6956521739130435, 1.0, 0.36, 1.9148936170212767, 1.1666666666666667, 1.1666666666666667, 1.4545454545454546, 1.4705882352941178], [1.6206896551724137, 1.853658536585366, 1.1111111111111112, 1.46, 1.3157894736842106, 1.3728813559322033, 1.48, 1.2571428571428571, 1.3559322033898304, 1.4193548387096775, 1.263157894736842, 1.0, 1.641025641025641, 1.6904761904761905, 1.4102564102564104, 1.7391304347826086, 1.3333333333333333, 0.84, 0.8076923076923077, 1.608695652173913, 1.5, 1.5555555555555556, 0.9, 1.5, 1.66, 1.4444444444444444, 1.6, 1.3061224489795917, 1.6136363636363635, 1.3513513513513513, 1.2424242424242424, 2.1052631578947367, 1.5, 1.1785714285714286, 1.0714285714285714, 1.368421052631579, 1.5416666666666667, 1.2058823529411764, 1.8235294117647058, 1.4054054054054055, 0.7619047619047619, 1.0975609756097562, 1.5694444444444444, 2.0869565217391304, 1.3061224489795917, 1.131578947368421, 1.8448275862068966, 1.6], [1.5675675675675675, 1.3571428571428572, 1.8823529411764706, 1.3928571428571428, 2.1052631578947367, 1.3333333333333333, 1.25, 1.75, 1.326086956521739, 1.7333333333333334, 1.358974358974359, 1.4444444444444444, 1.3055555555555556, 1.5263157894736843, 1.7222222222222223, 1.7763157894736843, 1.2, 1.8113207547169812, 1.55, 1.25, 0.9444444444444444, 1.1818181818181819, 1.2727272727272727, 1.7826086956521738, 