{"r0_1": [[-1.0, 0.2, -1.0, -1.0, -1.0, -1.0, -1.0, 0.6, -1.0, -1.0, -1.0, -1.0, 0.6, -1.0, -1.0, -1.0, 0.3, -1.0, -1.0, -1.0, -1.0, -1.0, -1.0, -1.0, -1.0, -1.0, -1.0, -1.0, -1.0, -1.0, -1.0, -1.0, -1.0, 0.2, -1.0, -1.0, -1.0, -1.0, -1.0, -1.0, -1.0, -1.0, -1.0, -1.0, -1.0, -1.0, 0.1, 0.2], [0.3, -1.0, -1.0, -1.0, -1.0, -1.0, -1.0, 0.7, 0.5, -1.0, 0.4, 0.5, -1.0, -1.0, 0.2, -1.0, -1.0, 0.7, 0.2, 0.2, 0.3, 0.6, -1.0, -1.0, 0.6, 0.5, 0.2, -1.0, 0.5, 0.5, 0.2, 0.6, -1.0, -1.0, -1.0, -1.0, 0.6, 0.4, 0.3, 0.5, 0.3, 0.3, 0.6, -1.0, 0.5, 1.0, 0.4, 1.1], [0.5, 0.6, 0.8, 0.4, 0.4, -1.0, 0.5, 0.7, 0.9, 0.5, 0.6, 0.2, -1.0, 0.4, 0.5, 0.5, 0.7, 1.0, 0.5, 0.6, 1.0, 1.6, 0.7, 0.3, 0.4, 0.5, -1.0, 0.5, 0.4, 0.8, 1.2, 0.7, 0.6, 0.4, 0.7, 0.2, 0.4, 0.4, 0.8, 0.4, 0.6, -1.0, 0.4, -1.0, 0.8, 1.0, 0.8, 0.4], [0.7, 0.7, 1.0, 0.9, 0.3, -1.0, 0.5, 0.5, 1.0, 0.5, -1.0, 1.0, 0.7, 0.8, 0.9, 0.7, 0.8, 0.6, 0.8, 0.2, 0.6, 1.8, 0.8, 0.3, 0.8, -1.0, 1.0, 0.7, 0.9, 0.5, 0.8, 0.6, 0.2, 1.1, 0.9, 1.2, -1.0, 0.7, 0.6, 0.5, 0.4, 1.0, 0.5, 0.2, 0.8, 0.7, 1.0, 1.4], [0.5, 1.7, -1.0, 0.7, -1.0, 1.0, 0.9, -1.0, 0.5, 1.4, 0.3, 1.2, 0.5, 1.1, 1.0, 0.7, 1.1, 1.0, 1.1, -1.0, 0.6, 0.9, 1.1, 0.6, 0.3, 1.1, 0.8, 1.6, 0.9, 1.1, 1.4, 0.8, 0.7, 1.0, 0.5, 1.4, 1.3, 1.4, 0.2, 0.3, 1.5, 0.8, 0.8, 0.8, 1.1, 0.7, 0.7, 0.4], [0.9, 1.0, 1.2, 0.5, 0.9, 1.7, 0.7, 1.1, 1.0, 1.1, 1.6, 0.9, 0.5, 0.9, 1.5, 1.1, 1.0, 1.0, 2.3, 0.9, 1.3, 0.5, 0.9, 1.2, 1.0, 1.0, 1.0, 0.6, 0.6, 0.9, 1.0, 1.6, 1.0, 1.4, 0.5, 1.2, 0.7, 0.4, -1.0, 1.3, 0.9, 1.7, 1.2, 0.6, 1.4, 0.9, 1.4, 0.7], [1.5, 0.3, 1.0, 1.4, 1.7, 1.0, 1.2, 1.3, 0.9, 1.4, 0.7, 1.0, 1.0, 0.6, 1.2, 1.3, 1.3, 0.5, 1.3, 1.8, 1.1, 1.4, 0.7, 1.3, 1.6, 0.2, 1.7, 1.4, 0.8, 1.4, 1.0, 1.1, 1.8, 1.5, 0.7, 1.5, 1.3, 0.6, 1.5, 1.1, 0.7, 0.8, 1.3, 2.6, 0.8, 1.9, 0.8, 1.3], [1.1, 1.2, 1.2, 1.8, 1.5, 1.0, 1.3, 0.1, 1.7, 1.5, 1.3, 0.9, 0.3, 0.5, 1.3, 0.4, 1.1, 0.8, 1.0, 0.4, 1.4, 1.0, 1.1, 1.0, 1.8, 1.0, 1.1, 1.6, 1.1, 0.9, 1.3, 0.7, 0.8, 1.2, 1.2, 0.6, 1.5, 1.6, 1.4, 1.6, 1.6, 1.1, 1.1, 1.6, 0.8, 1.3, 0.9, 1.8], [2.0, 1.2, 0.8, 1.7, 0.8, 1.0, 0.8, 1.8, 1.0, 1.9, 2.0, 1.3, 0.6, 2.3, 2.6, 2.1, 1.3, 1.8, 2.3, 0.9, 1.2, 1.6, 1.6, 1.5, 1.8, 1.6, 1.3, 0.9, 1.5, 2.7, 2.8, 1.4, 1.1, 1.1, 1.3, 1.0, 1.1, 0.3, 1.6, 1.3, 0.5, 0.6, 1.3, 1.3, 2.0, 1.8, 0.7, 1.4]], "r0_23": [[-1.0, 0.3333333333333333, -1.0, -1.0, -1.0, -1.0, -1.0, 0.14285714285714285, -1.0, -1.0, -1.0, -1.0, 0.4444444444444444, -1.0, -1.0, -1.0, 0.25, -1.0, -1.0, -1.0, -1.0, -1.0, -1.0, -1.0, -1.0, -1.0, -1.0, -1.0, -1.0, -1.0, -1.0, -1.0, -1.0, 0.3333333333333333, -1.0, -1.0, -1.0, -1.0, -1.0, -1.0, -1.0, -1.0, -1.0, -1.0, -1.0, -1.0, 0.5, 0.5], [0.25, -1.0, -1.0, -1.0, -1.0, -1.0, -1.0, 0.125, 0.42857142857142855, -1.0, 0.5, 0.16666666666666666, -1.0, -1.0, 0.5, -1.0, -1.0, 0.45454545454545453, 0.5, 0.3333333333333333, 0.5, 0.14285714285714285, -1.0, -1.0, 0.4444444444444444, 0.6666666666666666, 0.3333333333333333, -1.0, 0.16666666666666666, 0.16666666666666666, 0.3333333333333333, 0.3333333333333333, -1.0, -1.0, -1.0, -1.0, 0.14285714285714285, 0.2, 0.6, 0.2857142857142857, 1.0, 0.25, 0.5, -1.0, 0.16666666666666666, 0.5, 0.42857142857142855, 0.375], [0.5, 0.3333333333333333, 0.46153846153846156, 0.5714285714285714, 0.625, -1.0, 0.16666666666666666, 0.3333333333333333, 0.8125, 0.2857142857142857, 0.3333333333333333, 0.3333333333333333, -1.0, 0.3333333333333333, 0.9, 0.16666666666666666, 0.3333333333333333, 0.38461538461538464, 0.6666666666666666, 0.5833333333333334, 0.5625, 0.6666666666666666, 0.7, 0.6, 0.5, 0.2857142857142857, -1.0, 0.8888888888888888, 0.2, 0.7333333333333333, 0.6, 0.7647058823529411, 0.4, 0.4, 0.6666666666666666, 0.3333333333333333, 0.5, 0.875, 0.75, 0.2, 0.4, -1.0, 0.6666666666666666, -1.0, 0.45454545454545453, 0.18181818181818182, 0.6666666666666666, 0.8571428571428571], [1.25, 1.3157894736842106, 0.5882352941176471, 0.6875, 0.8571428571428571, -1.0, 0.5, 0.75, 0.4375, 0.5, -1.0, 0.7058823529411765, 0.7333333333333333, 0.5833333333333334, 0.45454545454545453, 1.0, 0.6923076923076923, 0.5714285714285714, 0.1111111111111111, 0.3333333333333333, 0.7857142857142857, 0.46153846153846156, 0.38461538461538464, 1.0, 0.38461538461538464, -1.0, 0.4666666666666667, 0.5, 0.5384615384615384, 0.5, 0.4, 0.7, 0.3333333333333333, 0.7619047619047619, 0.8666666666666667, 0.5238095238095238, -1.0, 0.45454545454545453, 1.0, 0.5, 0.7777777777777778, 0.42857142857142855, 0.7, 0.8, 0.2222222222222222, 0.5833333333333334, 0.35714285714285715, 0.4090909090909091], [0.16666666666666666, 0.9473684210526315, -1.0, 1.0666666666666667, -1.0, 0.5882352941176471, 0.6666666666666666, -1.0, 1.125, 0.8709677419354839, 0.25, 0.7142857142857143, 0.8181818181818182, 0.7142857142857143, 0.8260869565217391, 0.5, 0.6, 0.7368421052631579, 0.6842105263157895, -1.0, 0.7, 0.6875, 1.3, 0.3333333333333333, 1.5, 0.5833333333333334, 0.36363636363636365, 0.5238095238095238, 0.5714285714285714, 0.7368421052631579, 1.037037037037037, 0.9411764705882353, 0.5, 1.0, 0.16666666666666666, 0.75, 0.4117647058823529, 0.9629629629629629, 1.6, 0.25, 1.1714285714285715, 1.2941176470588236, 0.7333333333333333, 0.3, 0.75, 1.25, 1.1428571428571428, 1.1428571428571428], [0.38461538461538464, 0.5, 1.0454545454545454, 1.0909090909090908, 0.9411764705882353, 0.7777777777777778, 1.2307692307692308, 0.7142857142857143, 1.1904761904761905, 1.2608695652173914, 1.0303030303030303, 0.5333333333333333, 0.7777777777777778, 0.625, 0.6, 1.5263157894736843, 0.8888888888888888, 0.42857142857142855, 0.9534883720930233, 0.8666666666666667, 1.1111111111111112, 0.16666666666666666, 1.0, 0.896551724137931, 0.8421052631578947, 1.1363636363636365, 1.2307692307692308, 1.2, 0.45454545454545453, 1.0909090909090908, 0.85, 0.75, 1.0, 0.96, 0.6666666666666666, 1.0303030303030303, 1.2, 0.2, -1.0, 0.65, 1.4615384615384615, 1.3170731707317074, 0.375, 1.2307692307692308, 1.1481481481481481, 1.0, 0.6, 0.7272727272727273], [1.2307692307692308, 0.5, 1.3478260869565217, 1.1, 0.7142857142857143, 0.7058823529411765, 1.0714285714285714, 0.6190476190476191, 1.4827586206896552, 1.15625, 0.3, 0.8095238095238095, 1.04, 1.0909090909090908, 1.5185185185185186, 0.875, 0.9642857142857143, 1.0, 1.1481481481481481, 1.3846153846153846, 1.0833333333333333, 1.0, 1.5, 0.9285714285714286, 1.0277777777777777, 1.3333333333333333, 0.8108108108108109, 1.5151515151515151, 1.0869565217391304, 0.9259259259259259, 1.2173913043478262, 1.4333333333333333, 1.0769230769230769, 1.4864864864864864, 1.3333333333333333, 1.2142857142857142, 0.5, 1.1428571428571428, 1.0, 0.47058823529411764, 1.411764705882353, 1.0, 1.2142857142857142, 1.2571428571428571, 0.8, 1.0681818181818181, 0.6666666666666666, 0.6666666666666666], [1.16, 1.2, 0.7272727272727273, 0.7, 1.1538461538461537, 0.9444444444444444, 0.9565217391304348, 0.5, 1.1666666666666667, 1.4285714285714286, 0.5714285714285714, 0.7857142857142857, 1.2857142857142858, 1.5, 1.0625, 1.3846153846153846, 0.9523809523809523, 0.8181818181818182, 1.1578947368421053, 1.4285714285714286, 0.9, 1.16, 0.7619047619047619, 1.263157894736842, 0.8928571428571429, 0.9523809523809523, 0.6521739130434783, 1.3333333333333333, 1.3333333333333333, 1.0, 1.391304347826087, 0.9444444444444444, 1.0, 0.76, 1.1714285714285715, 1.2666666666666666, 1.09375, 1.2162162162162162, 1.1612903225806452, 0.9714285714285714, 0.9, 1.3636363636363635, 1.7741935483870968, 1.358974358974359, 0.9444444444444444, 1.0, 0.95, 1.2127659574468086], [1.2307692307692308, 1.7037037037037037, 0.9285714285714286, 1.5333333333333334, 1.1764705882352942, 0.5, 1.263157894736842, 1.394736842105263, 1.4210526315789473, 0.7741935483870968, 1.6785714285714286, 1.4242424242424243, 0.8333333333333334, 1.2142857142857142, 1.0847457627118644, 0.9047619047619048, 1.2972972972972974, 1.0, 1.180327868852459, 1.3333333333333333, 1.0434782608695652, 0.9142857142857143, 1.2857142857142858, 1.3409090909090908, 1.2432432432432432, 1.3255813953488371, 1.375, 1.3157894736842106, 1.0588235294117647, 1.0638297872340425, 1.1587301587301588, 1.9024390243902438, 1.0, 