{"r0_1": [[-1.0, -1.0, -1.0, -1.0, -1.0, -1.0, 0.4, -1.0, -1.0, -1.0, -1.0, -1.0, -1.0, 0.2, -1.0, -1.0, -1.0, 0.1, -1.0, 0.2, -1.0, -1.0, 0.2, -1.0, 0.2, 0.3, 0.3, -1.0, -1.0, -1.0, -1.0, -1.0, 0.2, -1.0, -1.0, -1.0, -1.0, -1.0, -1.0, 0.5, -1.0, 0.2, 0.2, -1.0, -1.0, -1.0, -1.0, 0.1], [0.4, 0.1, 0.2, 0.1, -1.0, -1.0, 0.3, 0.7, -1.0, 0.4, 0.8, 0.6, 0.1, 0.3, 0.2, -1.0, -1.0, 0.8, -1.0, 0.4, -1.0, -1.0, -1.0, 0.3, 0.7, 0.2, 0.6, 0.5, -1.0, 0.5, -1.0, -1.0, 0.4, -1.0, -1.0, -1.0, 0.8, 0.4, -1.0, 0.2, -1.0, 0.2, 0.5, 0.7, 0.5, -1.0, 0.4, -1.0], [0.7, 0.8, 0.8, -1.0, 0.5, 0.3, 0.9, 0.1, 0.9, 1.4, 1.2, 0.5, 0.3, 0.7, 0.4, 0.7, 0.2, 0.4, 0.7, 0.4, -1.0, -1.0, 0.3, 0.3, 0.2, 0.4, 1.1, 0.4, -1.0, 0.3, -1.0, -1.0, -1.0, 0.5, 0.9, 0.3, 0.1, 0.4, 0.6, 0.6, 1.1, 1.2, 0.4, 0.7, -1.0, 0.2, 0.5, 0.5], [0.8, 0.3, 0.6, -1.0, 0.6, 0.5, 0.7, 0.5, 0.4, 1.0, 0.5, 0.5, 0.5, 0.9, 1.6, 0.3, 0.6, 0.3, 1.1, 0.8, 0.9, 0.2, 0.6, 1.3, 0.7, 0.8, 0.5, 0.8, 0.4, 1.1, 0.3, -1.0, 0.2, 0.4, 0.3, 0.5, 0.6, 0.8, 1.1, 0.5, 0.9, 1.1, 1.1, 0.7, 0.6, 1.0, 0.6, -1.0], [1.3, 0.8, 0.8, 0.5, 0.5, 0.7, 1.3, 0.7, 0.8, 0.9, -1.0, 0.6, 1.1, -1.0, 0.3, 1.4, 1.0, 0.8, 0.7, 0.4, 0.7, 0.6666666666666666, 0.8, 1.1, 0.9, 0.4, 0.7, 0.4, 2.4, 1.9, 0.9, 1.0, 0.7, 0.5, 1.0, 0.8, 0.3, 0.4, 0.7, 1.0, 1.3, 1.0, 1.0, 0.5, 1.4, 0.8, 1.0, 0.3], [1.1, 0.4, 1.8, 0.4, 1.3, 0.6, 0.6, 1.0, -1.0, 0.9, 1.0, 1.1, 1.0, 1.3, 1.5, 1.7, 1.3, 0.8, 1.1, 1.9, 1.2, 1.2, 1.2, 0.8, 1.3, 1.2, 0.5, 1.2, 1.0, 1.0, 0.8, 0.8, 0.4, 0.8, 1.6, 1.8, 0.9, 0.7, 1.2, 1.3, 1.6, 1.7, 1.0, 1.8, 0.8, 1.1, 0.5, 0.6], [0.7, 1.5, 0.7, 1.1, 0.8, 1.9, 1.3, 1.4, 1.6, 1.3, 0.8, 2.0, 1.8, 2.0, 1.1, 1.2, 1.0, 1.7, 0.8, 1.5, 1.5, 1.6, 1.3, 0.8, 0.7, 1.1, 1.2, 0.8, 2.2, 2.2, 0.5, 0.9, 1.4, 0.6, 0.1, 0.5, 1.1, 0.8, 0.8, 0.7, 1.2, 1.4, 1.3, 0.9, 1.8, 1.4, 1.2, 0.8], [0.6, 0.8, 0.6, 1.5, 0.6, 1.3, 0.8, 1.3, 1.6, 1.1, 0.9, 1.3, 2.4, 1.7, 0.9, 2.5, 1.1, 1.0, 0.7, 0.6, 1.7, 1.0, 1.2, 2.0, 0.6, 1.2, 1.4, 1.6, 1.0, 1.9, 0.8, 1.5, 1.8, 0.8, 0.5, 1.4, 1.7, 1.1, 0.3, 0.9, 0.8, 1.8, 1.1, 1.5, 1.5, 1.1, 1.7, 0.7], [1.9, 3.4, 1.2, 0.9, 1.2, 1.2, 1.1, 1.1, 1.1, 2.0, 0.9, 1.3, 1.6, 1.0, 1.4, 2.1, 1.6, 1.8, 0.9, 1.2, 1.5, 1.5, 0.9, 1.3, 1.7, 2.0, 1.8, 1.6, 2.0, 2.5, 2.1, 2.4, 0.9, 0.9, 1.4, 0.5, 1.8, 2.0, 0.9, 0.8, 2.0, 2.0, 1.6, 1.0, 1.1, 1.8, 2.1, 0.6]], "r0_23": [[-1.0, -1.0, -1.0, -1.0, -1.0, -1.0, 0.3333333333333333, -1.0, -1.0, -1.0, -1.0, -1.0, -1.0, 0.8, -1.0, -1.0, -1.0, 0.5, -1.0, 0.3333333333333333, -1.0, -1.0, 0.3333333333333333, -1.0, 0.3333333333333333, 0.6, 0.25, -1.0, -1.0, -1.0, -1.0, -1.0, 0.3333333333333333, -1.0, -1.0, -1.0, -1.0, -1.0, -1.0, 0.42857142857142855, -1.0, 0.3333333333333333, 0.3333333333333333, -1.0, -1.0, -1.0, -1.0, 0.5], [0.3333333333333333, 1.0, 0.3333333333333333, 0.5, -1.0, -1.0, 0.25, 0.4, -1.0, 0.8888888888888888, 0.1111111111111111, 0.14285714285714285, 0.5, 0.25, 0.8, -1.0, -1.0, 0.2727272727272727, -1.0, 0.2, -1.0, -1.0, -1.0, 0.5, 0.5, 1.0, 0.9166666666666666, 0.42857142857142855, -1.0, 0.2857142857142857, -1.0, -1.0, 0.3333333333333333, -1.0, -1.0, -1.0, 0.3333333333333333, 0.2, -1.0, 0.75, -1.0, 0.3333333333333333, 0.16666666666666666, 0.125, 0.16666666666666666, -1.0, 0.8, -1.0], [0.9230769230769231, 0.45454545454545453, 0.1111111111111111, -1.0, 0.7777777777777778, 0.6, 0.5, 0.5, 0.75, 0.5714285714285714, 0.3333333333333333, 0.6666666666666666, 0.4, 0.7272727272727273, 0.3333333333333333, 0.2222222222222222, 0.3333333333333333, 0.8571428571428571, 0.7058823529411765, 0.6666666666666666, -1.0, -1.0, 0.5, 1.3, 0.3333333333333333, 0.5714285714285714, 0.7058823529411765, 0.5, -1.0, 0.7142857142857143, -1.0, -1.0, -1.0, 0.875, 0.3333333333333333, 0.6, 1.25, 0.6666666666666666, 0.3333333333333333, 0.5454545454545454, 0.4117647058823529, 0.6818181818181818, 0.2, 0.4444444444444444, -1.0, 0.75, 0.16666666666666666, 0.16666666666666666], [0.9444444444444444, 0.75, 0.14285714285714285, -1.0, 0.9375, 0.5, 0.6666666666666666, 0.5, 0.8888888888888888, 1.1666666666666667, 0.6666666666666666, 0.375, 1.0, 0.5333333333333333, 0.16666666666666666, 1.3, 0.4444444444444444, 1.0, 0.6666666666666666, 0.5, 0.6923076923076923, 0.3333333333333333, 0.6, 0.47619047619047616, 0.3333333333333333, 0.4, 0.2857142857142857, 0.6923076923076923, 0.6666666666666666, 1.125, 1.0, -1.0, 1.0, 0.4, 0.6, 0.6666666666666666, 0.2857142857142857, 0.75, 0.3333333333333333, 0.3333333333333333, 0.35714285714285715, 1.0454545454545454, 0.4666666666666667, 0.4, 0.5, 0.47058823529411764, 0.7692307692307693, -1.0], [0.8181818181818182, 1.0625, 0.6153846153846154, 1.25, 0.375, 1.0625, 1.2, 0.75, 0.8, 0.46153846153846156, -1.0, 1.3076923076923077, 1.8076923076923077, -1.0, 2.090909090909091, 0.9, 0.46153846153846156, 1.0, 0.7692307692307693, 1.0, 0.45454545454545453, 1.0769230769230769, 0.7333333333333333, 0.65, 0.8947368421052632, 0.8571428571428571, 0.5833333333333334, 0.3333333333333333, 0.94, 0.25, 0.625, 0.5714285714285714, 0.36363636363636365, 0.16666666666666666, 0.782608695652174, 0.6923076923076923, 1.0, 0.42857142857142855, 1.0909090909090908, 1.0526315789473684, 0.6363636363636364, 0.6470588235294118, 0.16666666666666666, 1.0769230769230769, 0.47619047619047616, 0.8947368421052632, 0.4375, 2.111111111111111], [0.9090909090909091, 0.8571428571428571, 0.9210526315789473, 1.4, 0.7083333333333334, 0.6666666666666666, 0.6666666666666666, 1.0, -1.0, 0.875, 0.6842105263157895, 1.4285714285714286, 0.625, 1.12, 0.7272727272727273, 0.8333333333333334, 1.0, 0.7272727272727273, 0.9090909090909091, 1.3, 1.0952380952380953, 1.3043478260869565, 1.5, 0.9375, 0.92, 0.6666666666666666, 1.375, 0.92, 0.95, 0.4666666666666667, 0.7333333333333333, 0.7692307692307693, 1.6666666666666667, 0.8461538461538461, 0.9761904761904762, 1.0238095238095237, 1.2083333333333333, 0.7272727272727273, 0.9583333333333334, 0.6923076923076923, 1.0, 1.1176470588235294, 0.35714285714285715, 0.6774193548387096, 0.45454545454545453, 0.5263157894736842, 1.0769230769230769, 0.6], [1.0454545454545454, 1.0810810810810811, 1.0666666666666667, 1.3870967741935485, 0.7058823529411765, 1.0277777777777777, 0.6666666666666666, 1.2, 1.4878048780487805, 0.9629629629629629, 0.5454545454545454, 0.7878787878787878, 0.8387096774193549, 0.42857142857142855, 0.6842105263157895, 1.0, 1.263157894736842, 1.1111111111111112, 1.3076923076923077, 1.2571428571428571, 1.3428571428571427, 0.72, 1.037037037037037, 0.7142857142857143, 0.9090909090909091, 1.565217391304348, 0.6666666666666666, 0.7647058823529411, 0.6388888888888888, 0.6666666666666666, 0.6666666666666666, 1.4705882352941178, 0.7857142857142857, 0.6666666666666666, 2.5, 0.42857142857142855, 1.2380952380952381, 0.4166666666666667, 1.0526315789473684, 0.7, 1.08, 0.72, 1.2647058823529411, 0.46153846153846156, 0.6785714285714286, 0.7931034482758621, 1.0, 1.25], [1.0, 0.8571428571428571, 1.0833333333333333, 0.96875, 1.2, 1.40625, 1.380952380952381, 0.68, 1.1612903225806452, 0.7619047619047619, 0.7142857142857143, 0.5454545454545454, 1.1724137931034482, 1.5142857142857142, 1.1578947368421053, 0.9183673469387755, 1.2692307692307692, 1.5, 1.5, 1.3636363636363635, 1.288888888888889, 1.0, 1.2380952380952381, 1.1875, 0.14285714285714285, 1.2142857142857142, 0.6153846153846154, 1.103448275862069, 1.1904761904761905, 1.173913043478261, 1.75, 1.027027027027027, 1.3333333333333333, 0.8333333333333334, 0.16666666666666666, 1.4285714285714286, 1.1891891891891893, 1.2592592592592593, 1.1, 1.5555555555555556, 0.5, 1.0212765957446808, 0.8421052631578947, 1.1379310344827587, 1.0357142857142858, 1.3478260869565217, 1.2121212121212122, 0.4444444444444444], [1.0833333333333333, 1.518987341772152, 1.6428571428571428, 0.18181818181818182, 0.875, 1.1538461538461537, 1.2, 1.173913043478261, 0.9375, 1.25, 1.64, 1.7586206896551724, 1.0689655172413792, 1.5333333333333334, 0.8518518518518519, 1.2380952380952381, 0.84, 1.236842105263158, 0.6666666666666666, 0.9090909090909091, 1.25, 1.0256410256410255, 0.7272727272727273, 1.1153846153846154, 0.7391304347826086, 1.263157894736842, 1.0232558139534884, 