{"r0_1": [[-1.0, -1.0, -1.0, -1.0, -1.0, -1.0, 0.3, -1.0, -1.0, -1.0, 0.3, -1.0, 0.4, -1.0, -1.0, 0.5, -1.0, 0.2, 0.5, -1.0, -1.0, -1.0, -1.0, 0.3, -1.0, 0.8, -1.0, 0.4, 0.4, -1.0, -1.0, -1.0, -1.0, -1.0, -1.0, 0.2, -1.0, -1.0, -1.0, -1.0, -1.0, -1.0, -1.0, -1.0, -1.0, 0.1, -1.0, -1.0], [-1.0, 0.5, 0.5, 0.7, 0.5, 0.6, 0.5, 0.8, 0.4, 0.4, 0.8, 0.9, 1.0, 0.3, 0.7, 0.4, 0.2, 0.6, -1.0, -1.0, -1.0, 0.3, 0.4, 0.2, 0.5, -1.0, 0.7, -1.0, 0.2, 0.4, 0.4, 0.3, 0.3, 0.5, 0.6, 0.9, 0.5, -1.0, -1.0, 0.3, 0.1, 0.3, -1.0, -1.0, 0.5, -1.0, 0.1, 0.2], [0.4, -1.0, 0.4, 1.1, -1.0, 0.5, 1.4, 0.2, 0.3, 0.7, 1.0, 1.1, 1.3, 1.0, 0.8, 0.4, 0.8, 0.6, 0.8, 0.4, 0.6, 0.8, 0.8, 0.9, 0.9, 0.7, 0.3, 0.6, 1.1, 0.8, 0.6, 0.4, 0.9, 0.9, 0.3, 0.6, -1.0, 0.4, -1.0, 1.7, 0.6, -1.0, 0.8, 0.2, 1.1, 0.3, 0.5, 0.5], [0.8, 0.6, 0.6, 1.1, 0.4, 1.2, 0.8, 1.3, 0.4, 0.7, 1.1, 0.7, 1.1, -1.0, 0.7, 0.7, 0.9, 1.3, 1.1, 0.5, -1.0, 1.1, 1.0, 1.0, 0.8, 0.7, 0.7, 1.1, 0.5, 0.9, 1.6, 1.5, 1.0, 1.1, 1.0, 0.7, 0.8, 0.7, 1.6, 0.2, 0.8, 0.7, 0.9, 0.6, 0.7, 0.9, 0.3, 1.3], [1.3, 0.9, 0.9, 0.9, 1.0, 0.9, 1.2, 1.0, 0.5, 1.8, 1.5, 0.4, 0.5, 0.8, 0.4, 1.1, 1.4, 1.5, 0.7, 0.8, 1.2, 1.4, 0.9, 0.8, 1.0, 1.5, 1.1, 1.3, 0.9, 0.6, 1.2, 0.8, 0.5, 1.2, 0.6, 0.7, 1.3, 1.6, 0.7, 0.9, 2.1, 2.0, 1.4, 0.8, 0.8, 0.7, 1.2, 0.5], [0.5, 0.9, 0.4, -1.0, 0.4, 0.8, 1.7, 1.1, 1.6, 1.0, 1.6, 2.4, 0.9, 1.8, 1.9, 1.1, 0.9, 1.5, 1.7, 0.9, 1.3, 1.0, 0.7, 1.3, 0.4, 1.4, 1.7, 0.7, 1.3, 1.5, 2.2, 1.0, 1.2, 0.9, 1.1, 1.6, 1.1, 1.8, 0.9, 1.0, 0.6, 1.2, 0.7, 0.7, 1.3, 1.8, 1.9, 1.0], [1.0, 1.7, 1.0, 1.1, 1.4, 1.4, 1.9, 1.7, 0.9, 0.9, 1.0, 1.2, 1.6, 0.7, 0.7, 1.9, 0.9, 1.3, 2.4, 1.0, 1.9, 0.8, 1.5, 1.9, 0.9, 0.6, 2.0, 1.1, 0.8, 1.4, 1.3, 1.1, 1.5, 2.1, 1.5, 1.7, 1.0, 2.1, 1.4, 1.1, 1.4, 1.0, 0.5, 1.5, 1.7, 1.0, 0.7, 1.7], [1.5, 1.7, 1.1, 1.6, 1.5, 1.9, 1.9, 0.8, 1.1, 0.6, 1.2, 1.3, 2.5, 2.3, 1.3, 2.7, 2.6, 1.4, 2.4, 1.0, 1.4, 1.5, 1.6, 0.9, 2.8, 1.5, 2.2, 1.5, 2.4, 2.9, 2.0, 2.1, 1.1, 0.7, 1.7, 2.2, 1.4, 2.0, 1.7, 2.1, 1.7, 2.2, 1.1, 2.1, 1.9, 1.5, 1.6, 2.2], [1.8, 1.7, 1.6, 1.4, 1.3, 2.0, 2.3, 1.9, 2.2, 3.8, 1.6, 1.6, 1.0, 3.5, 1.9, 2.2, 3.2, 1.9, 3.3, 1.3, 1.2, 0.9, 0.1, 1.7, 1.0, 2.2, 1.7, 1.0, 1.5, 1.3, 1.3, 1.4, 1.7, 0.9, 1.6, 3.2, 1.1, 0.9, 2.3, 2.0, 1.3, 1.9, 2.0, 0.9, 0.9, 1.5, 1.4, 1.9]], "r0_23": [[-1.0, -1.0, -1.0, -1.0, -1.0, -1.0, 0.5, -1.0, -1.0, -1.0, 0.4, -1.0, 0.2, -1.0, -1.0, 0.5714285714285714, -1.0, 0.3333333333333333, 0.16666666666666666, -1.0, -1.0, -1.0, -1.0, 0.6, -1.0, 0.1111111111111111, -1.0, 0.5, 0.2, -1.0, -1.0, -1.0, -1.0, -1.0, -1.0, 0.3333333333333333, -1.0, -1.0, -1.0, -1.0, -1.0, -1.0, -1.0, -1.0, -1.0, 0.5, -1.0, -1.0], [-1.0, 0.42857142857142855, 0.7, 0.6666666666666666, 0.7142857142857143, 0.5555555555555556, 0.625, 0.36363636363636365, 0.3333333333333333, 0.9375, 0.1111111111111111, 0.9375, 0.3076923076923077, 0.25, 0.3333333333333333, 0.625, 0.3333333333333333, 0.3333333333333333, -1.0, -1.0, -1.0, 0.4, 0.7142857142857143, 0.3333333333333333, 0.3333333333333333, -1.0, 0.45454545454545453, -1.0, 0.3333333333333333, 0.2, 0.6666666666666666, 0.5, 0.25, 0.7, 0.25, 0.5714285714285714, 0.375, -1.0, -1.0, 0.4, 0.6666666666666666, 0.4, -1.0, -1.0, 0.2857142857142857, -1.0, 1.0, 0.8], [0.2, -1.0, 1.0833333333333333, 0.65, -1.0, 1.0, 0.7142857142857143, 1.0, 1.0, 0.6, 0.2857142857142857, 0.9545454545454546, 0.42857142857142855, 0.65, 0.2, 0.2, 0.1111111111111111, 0.45454545454545453, 0.36363636363636365, 1.3, 0.8333333333333334, 1.2142857142857142, 0.38461538461538464, 0.2, 0.5333333333333333, 0.8, 1.2222222222222223, 0.14285714285714285, 0.6842105263157895, 1.0526315789473684, 0.25, 0.3333333333333333, 0.7142857142857143, 0.3333333333333333, 0.25, 0.6, -1.0, 0.5, -1.0, 0.7894736842105263, 0.4444444444444444, -1.0, 0.5384615384615384, 0.6666666666666666, 0.4375, 0.25, 0.2857142857142857, 0.6], [0.9444444444444444, 0.7272727272727273, 0.8181818181818182, 0.5, 0.7777777777777778, 0.47619047619047616, 0.9375, 1.1818181818181819, 0.2, 0.875, 1.1428571428571428, 1.3333333333333333, 0.3333333333333333, -1.0, 1.0666666666666667, 1.3333333333333333, 1.35, 0.2777777777777778, 0.7619047619047619, 0.4444444444444444, -1.0, 1.1578947368421053, 0.875, 0.8, 0.8666666666666667, 0.6363636363636364, 0.9333333333333333, 0.7222222222222222, 0.375, 1.4, 0.6538461538461539, 0.6521739130434783, 1.0, 0.4117647058823529, 0.5, 0.7333333333333333, 0.7142857142857143, 1.2608695652173914, 0.7931034482758621, 1.125, 0.1111111111111111, 0.3, 1.5185185185185186, 0.7692307692307693, 0.45454545454545453, 0.7916666666666666, 0.875, 0.75], [0.8095238095238095, 0.7647058823529411, 1.1363636363636365, 0.4, 1.1818181818181819, 1.0833333333333333, 1.2580645161290323, 1.3076923076923077, 0.3333333333333333, 0.95, 0.5238095238095238, 1.4444444444444444, 0.8461538461538461, 1.2105263157894737, 0.7142857142857143, 0.75, 1.0, 1.0, 1.0, 0.75, 1.4102564102564104, 1.0, 0.42857142857142855, 1.3333333333333333, 0.6875, 1.3823529411764706, 0.9411764705882353, 1.1785714285714286, 0.7058823529411765, 1.1818181818181819, 1.0, 1.6363636363636365, 1.1818181818181819, 0.9090909090909091, 1.1764705882352942, 0.6, 1.3225806451612903, 0.76, 0.75, 0.8666666666666667, 1.0625, 0.9210526315789473, 1.3428571428571427, 0.8947368421052632, 1.0714285714285714, 0.8181818181818182, 1.2857142857142858, 1.3333333333333333], [0.5, 0.7142857142857143, 1.125, -1.0, 0.6666666666666666, 0.8571428571428571, 1.5714285714285714, 1.4615384615384615, 1.1081081081081081, 1.619047619047619, 1.3636363636363635, 0.8604651162790697, 1.2777777777777777, 1.1875, 1.173913043478261, 1.6818181818181819, 1.1764705882352942, 1.4848484848484849, 0.7142857142857143, 1.2941176470588236, 0.96, 1.4782608695652173, 0.9166666666666666, 0.9090909090909091, 1.5294117647058822, 0.9230769230769231, 0.6666666666666666, 1.2, 1.1290322580645162, 0.8125, 1.3529411764705883, 0.875, 0.9523809523809523, 1.3636363636363635, 1.9230769230769231, 0.6666666666666666, 0.5625, 0.9117647058823529, 0.8333333333333334, 0.9, 1.0909090909090908, 0.6666666666666666, 0.8125, 0.9375, 0.9565217391304348, 0.9722222222222222, 1.0909090909090908, 0.7142857142857143], [1.1666666666666667, 1.6037735849056605, 1.4736842105263157, 1.2857142857142858, 1.45, 1.21875, 1.8, 1.7, 1.6842105263157894, 1.4545454545454546, 0.8, 1.8888888888888888, 1.34375, 0.9230769230769231, 1.1538461538461537, 1.2857142857142858, 1.52, 0.88, 1.36, 1.64, 0.5172413793103449, 1.0769230769230769, 1.0625, 1.94, 1.2173913043478262, 0.5555555555555556, 1.48, 0.8695652173913043, 0.8, 0.9615384615384616, 1.088235294117647, 1.7105263157894737, 1.121212121212121, 1.5833333333333333, 1.2820512820512822, 1.263157894736842, 0.5333333333333333, 1.2830188679245282, 1.08, 1.4074074074074074, 1.5, 0.8, 1.4285714285714286, 0.11764705882352941, 1.1176470588235294, 1.2173913043478262, 0.8666666666666667, 1.6818181818181819], [1.146341463414634, 1.1363636363636365, 1.7586206896551724, 1.2222222222222223, 1.5151515151515151, 1.52, 1.7321428571428572, 2.4482758620689653, 1.9615384615384615, 0.5833333333333334, 1.793103448275862, 1.7, 1.46, 1.0869565217391304, 1.3478260869565217, 1.3142857142857143, 1.4814814814814814, 1.813953488372093, 1.2419354838709677, 1.8285714285714285, 1.7619047619047619, 0.35, 1.162162162162162, 1.125, 1.4210526315789473, 1.9523809523809523, 1.4545454545454546, 1.9056603773584906, 1.4516129032258065, 1.5806451612903225, 1.4081632653061225, 1.7692307692307692, 1.3703703703703705, 2.142857142857143, 1.553191489361702, 1.1219512195121952, 1.0476190476190477, 1.3529411764705883, 2.0816326530612246, 1.3529411764705883, 0.6785714285714286, 1.5, 1.8148148148148149, 1.1428571428571428, 1.0857142857142856, 1.6744186046511629, 1.0909090909090908, 1.46875], [1.4523809523809523, 1.85, 1.5, 1.7142857142857142, 1.3870967741935485, 1.5818181818181818, 1.3461538461538463, 1.0952380952380953, 1.4827586206896552, 1.6851851851851851, 1.1944444444444444, 1.3421052631578947, 1.5185185185185186, 1.358974358974359, 1.9636363636363636, 1.9393939393939394, 1.4078947368421053, 