{"r0_1": [[-1.0, -1.0, 0.6, 0.8, -1.0, -1.0, 1.9, -1.0, -1.0, -1.0, -1.0, -1.0, -1.0, 0.9, -1.0, 3.6, 2.5, 12.6, -1.0, -1.0, -1.0, -1.0, 1.5, -1.0, -1.0, -1.0, -1.0, -1.0, -1.0, 3.0, -1.0, -1.0, -1.0, -1.0, -1.0, 7.6, 2.5, -1.0, -1.0, -1.0, -1.0, -1.0, -1.0, 1.8, -1.0, -1.0, -1.0, -1.0, -1.0, -1.0, 1.0, -1.0, -1.0, -1.0, -1.0, -1.0, -1.0, -1.0, -1.0, -1.0, -1.0, -1.0, -1.0, -1.0, -1.0, -1.0, -1.0, -1.0, 0.9, -1.0, 0.1, -1.0, -1.0, -1.0, -1.0, -1.0, -1.0, -1.0, -1.0, -1.0, -1.0, -1.0, -1.0, -1.0, -1.0, -1.0, 0.7, -1.0, -1.0, -1.0], [-1.0, -1.0, -1.0, -1.0, 2.1, -1.0, -1.0, -1.0, -1.0, -1.0, -1.0, -1.0, -1.0, -1.0, -1.0, -1.0, -1.0, -1.0, -1.0, -1.0, -1.0, -1.0, -1.0, 1.4, -1.0, -1.0, -1.0, 0.8, -1.0, 3.6, -1.0, -1.0, 5.5, 0.3, -1.0, 3.6, -1.0, -1.0, 6.3, -1.0, -1.0, -1.0, 0.4, -1.0, -1.0, 5.0, 0.2, -1.0, 2.5, -1.0, 4.3, -1.0, -1.0, -1.0, 2.4, -1.0, 1.0, -1.0, 0.8, -1.0, -1.0, -1.0, -1.0, -1.0, -1.0, 1.4, -1.0, -1.0, -1.0, 0.3, -1.0, -1.0, -1.0, -1.0, -1.0, 2.3, -1.0, -1.0, -1.0, -1.0, -1.0, -1.0, 1.8, 3.2, -1.0, -1.0, -1.0, -1.0, -1.0, -1.0], [-1.0, 2.1, -1.0, 0.9, -1.0, -1.0, -1.0, -1.0, -1.0, -1.0, 1.5, -1.0, 3.4, 2.7, 0.8, -1.0, -1.0, -1.0, -1.0, 11.2, -1.0, -1.0, 6.9, -1.0, 2.0, 1.1, -1.0, -1.0, -1.0, 5.3, -1.0, -1.0, -1.0, -1.0, -1.0, -1.0, 1.6, -1.0, 0.7, -1.0, -1.0, -1.0, 10.222222222222221, -1.0, -1.0, 0.3, 0.2, -1.0, 5.0, -1.0, -1.0, -1.0, -1.0, -1.0, 0.8, 1.4, -1.0, -1.0, 4.4, -1.0, -1.0, -1.0, 7.5, 20.9, 6.0, 3.5, -1.0, -1.0, -1.0, -1.0, -1.0, -1.0, -1.0, 2.4, -1.0, -1.0, -1.0, 1.0, -1.0, -1.0, 0.5, -1.0, 4.6, -1.0, 14.555555555555555, 3.8, -1.0, -1.0, 1.4, -1.0]], "secondary_cases1": [[0, 0, 2, 4, 0, 0, 0, 0, 0, 0, 0, 0, 8, 0, 0, 0, 0, 0, 0, 0, 0, 8, 11, 0, 0, 0, 0, 0, 0, 0, 0, 8, 0, 0, 0, 0, 0, 0, 0, 1, 0, 0, 8, 0, 26, 0, 0, 0, 2, 0, 0, 12, 13, 0, 0, 0, 0, 0, 0, 0, 0, 2, 124, 0, 0, 0, 0, 0, 0, 0, 0, 0, 15, 0, 0, 0, 0, 0, 0, 0, 3, 0, 4, 1, 15, 0, 0, 7, 0, 0, 56, 0, 0, 19, 0, 0, 0, 1, 0, 0, 0, 0, 0, 14, 11, 0, 0, 0, 0, 0, 0, 0, 18, 0, 0, 0, 0, 0, 0, 0, 0, 3, 7, 0, 0, 0, 0, 0, 0, 0, 0, 0, 0, 9, 0, 0, 0, 0, 0, 0, 0, 1, 0, 0, 0, 0, 0, 0, 0, 0, 7, 0, 0, 0, 0, 0, 0, 0, 0, 0], [0, 0, 0, 20, 0, 1, 0, 0, 0, 0, 6, 0, 0, 5, 0, 0, 0, 1, 0, 2, 0, 7, 0, 1, 0, 0, 0, 0, 0, 0, 0, 0, 36, 0, 0, 0, 0, 0, 0, 0, 35, 0, 0, 5, 14, 0, 1, 0, 0, 0, 0, 0, 2, 0, 0, 0, 0, 1, 0, 0, 0, 23, 13, 0, 0, 0, 0, 0, 0, 0, 11, 0, 0, 0, 49, 2, 0, 0, 0, 1, 0, 3, 0, 0, 0, 0, 1, 0, 0, 0, 0, 1, 49, 0, 0, 0, 0, 0, 0, 0, 1, 0, 0, 1, 0, 0, 0, 0, 0, 0, 2, 1, 1, 0, 21, 0, 0, 0, 0, 0, 0, 0, 0, 2, 0, 9, 32, 0, 0, 0, 11, 13, 0, 0, 0, 0, 0, 0, 0, 0, 1, 0, 3, 5, 1, 0, 0, 0, 0, 0, 0, 0, 0, 0, 8, 0, 0, 0, 0, 0, 1, 0, 1, 0, 0, 0, 0, 12, 0, 0, 0, 0, 0, 3, 0, 0, 0, 0, 0, 0, 19, 2, 0, 0, 2, 0, 0, 0, 0, 0, 0, 0, 13, 4, 0, 1, 0, 0, 0, 0, 0, 0, 12, 0, 16, 0, 0, 1, 3, 0], [9, 1, 0, 9, 0, 0, 0, 0, 2, 0, 0, 0, 0, 5, 3, 0, 0, 1, 0, 0, 0, 0, 0, 10, 0, 5, 0, 0, 0, 0, 0, 0, 27, 7, 0, 0, 0, 0, 0, 0, 0, 0, 0, 0, 2, 23, 0, 0, 1, 1, 0, 4, 0, 1, 0, 0, 0, 0, 3, 0, 0, 0, 75, 0, 0, 0, 37, 0, 0, 0, 0, 65, 3, 1, 0, 0, 0, 0, 0, 0, 0, 1, 16, 0, 0, 0, 1, 0, 0, 2, 2, 0, 0, 0, 0, 0, 0, 0, 9, 0, 0, 0, 44, 0, 0, 8, 0, 1, 0, 0, 0, 0, 9, 4, 3, 0, 0, 0, 0, 0, 0, 5, 1, 1, 0, 0, 0, 0, 0, 0, 70, 12, 0, 10, 0, 0, 0, 0, 0, 0, 0, 0, 0, 3, 0, 0, 0, 0, 0, 0, 0, 1, 0, 1, 0, 0, 0, 0, 0, 0, 29, 0, 0, 21, 0, 0, 0, 0, 0, 0, 0, 0, 4, 0, 0, 0, 4, 0, 0, 0, 5, 2, 5, 0, 0, 0, 2, 0, 0, 0, 0, 1, 3, 1, 0, 0, 39, 0, 0, 0, 1, 0, 70, 4, 0, 0, 0, 0, 0, 0, 0, 0, 100, 0, 0, 40, 69, 0, 0, 60, 0, 0, 0, 0, 0, 0, 0, 0, 0, 0, 32, 0, 3, 0, 0, 0, 0, 0, 0, 0, 0, 0, 0, 0, 0, 8, 16, 0, 0, 2, 6, 0, 2, 0, 0, 0, 0, 0, 0, 0, 4, 1, 0, 0, 0, 0, 0, 0, 0, 14, 2, 6, 0, 7, 0, 0, 17, 0, 0, 0, 9, 0, 15, 107, 0, 0, 0, 0, 0, 8, 3, 0, 0, 1, 26, 0, 0, 0, 12, 0, 0, 0, 2, 0, 0, 0, 0, 0]]}